snapshot_date,target,market,vin,year,trim,miles,price,dealer,city,state,listed_since,url,msrp,color,cpo,owners,accidents,usage,image,carfax,lat,lon,distance
2026-08-23,bmw-i5-edrive40,Chicago,WBY33FK09RCP96469,2024,eDrive40,15707,45717,rosen nissan of madison llc,Madison,WI,2026-08-09,https://rosennissanmadison.com/certified/BMW/2024-BMW-i5-7106ba6eac1824b1018118ba11304b66.htm,,Mineral White Metallic,1,2,0,Multiple Use,https://retail.photos.vin/WBY33FK09RCP96469-1.jpg,https://www.carfax.com/VehicleHistory/p/Report.cfx?vin=WBY33FK09RCP96469&partner=FRD_2,43.03642,-89.42127,121
2026-08-23,bmw-i5-edrive40,Indianapolis,WBY33FK09RCR14004,2024,eDrive40,15722,47359,Dreyer & Reinbold BMW MINI,Indianapolis,IN,2026-08-09,https://www.carfax.com/vehicle/WBY33FK09RCR14004,66800,White,,0,0,Personal Use,https://retail.photos.vin/WBY33FK09RCR14004-1.jpg,https://www.carfax.com/VehicleHistory/p/Report.cfx?vin=WBY33FK09RCR14004&partner=FRD_2,39.923,-86.11407,11
2026-08-23,bmw-i5-edrive40,National,WBY33FK02RCP44486,2024,eDrive40,37722,34551,BMW of San Francisco,San Francisco,CA,2026-05-10,https://www.autolist.com/bmw-i5#vin=WBY33FK02RCP44486,66800,White,,,,,https://retail.photos.vin/WBY33FK02RCP44486-1.jpg,https://www.carfax.com/VehicleHistory/p/Report.cfx?vin=WBY33FK02RCP44486&partner=FRD_2,37.77086,-122.4174,1855
2026-08-23,bmw-i5-edrive40,National,WBY33FK02RCS81412,2024,eDrive40,35129,36989,EVO Motors,Seffner,FL,2026-08-09,https://www.carfax.com/vehicle/WBY33FK02RCS81412,66800,Gray,,1,1,Rental Use,https://retail.photos.vin/WBY33FK02RCS81412-1.jpg,https://www.carfax.com/VehicleHistory/p/Report.cfx?vin=WBY33FK02RCS81412&partner=FRD_2,28.00159,-82.29885,777
2026-08-23,bmw-i5-edrive40,National,WBY33FK01RCR76593,2024,eDrive40,51313,37598,bmw mini of monrovia,Monrovia,CA,2026-08-09,https://bmwofmonrovia.net/used/BMW/2024-BMW-i5-near-Los-Angeles-8f8c4b20ac180aac8449eac6ee9c2f25.htm,,Black Sapphire Metallic,,2,0,Personal Use,https://retail.photos.vin/WBY33FK01RCR76593-1.jpg,https://www.carfax.com/VehicleHistory/p/Report.cfx?vin=WBY33FK01RCR76593&partner=FRD_2,34.1519,-118.65439,1761
2026-08-23,bmw-i5-edrive40,National,WBY33FK08RCS83536,2024,eDrive40,17263,37868,Courtesy Chevrolet Center,San Diego,CA,2026-07-11,https://www.autolist.com/bmw-i5#vin=WBY33FK08RCS83536,66800,Alpine White,,1,1,Rental Use,https://retail.photos.vin/WBY33FK08RCS83536-1.jpg,https://www.carfax.com/VehicleHistory/p/Report.cfx?vin=WBY33FK08RCS83536&partner=FRD_2,32.76503,-117.15738,1730
2026-08-23,bmw-i5-edrive40,National,WBY33FK06RCR58557,2024,eDrive40,37394,38521,Capitol Nissan,San Jose,CA,2026-04-29,https://www.autolist.com/bmw-i5#vin=WBY33FK06RCR58557,66800,White,,,,,https://retail.photos.vin/WBY33FK06RCR58557-1.jpg,https://www.carfax.com/VehicleHistory/p/Report.cfx?vin=WBY33FK06RCR58557&partner=FRD_2,37.27062,-121.85132,1838
2026-08-23,bmw-i5-edrive40,National,WBY33FK02RCS83564,2024,eDrive40,20224,38698,South Bay Hyundai,Torrance,CA,2026-08-09,https://www.carfax.com/vehicle/WBY33FK02RCS83564,66800,White,,1,0,Rental Use,https://retail.photos.vin/WBY33FK02RCS83564-1.jpg,https://www.carfax.com/VehicleHistory/p/Report.cfx?vin=WBY33FK02RCS83564&partner=FRD_2,33.84595,-118.35407,1755
2026-08-23,bmw-i5-edrive40,National,WBY33FK00RCR12965,2024,eDrive40,47618,39995,Family Auto,Salt Lake City,UT,2026-08-15,https://www.autolist.com/bmw-i5#vin=WBY33FK00RCR12965,66800,Gray,,1,1,Personal Use,https://retail.photos.vin/WBY33FK00RCR12965-1.jpg,https://www.carfax.com/VehicleHistory/p/Report.cfx?vin=WBY33FK00RCR12965&partner=FRD_2,40.73269,-111.89932,1258
2026-08-23,bmw-i5-edrive40,National,WBY33FK08RCP70798,2024,eDrive40,47982,40083,BMW of Riverside,Riverside,CA,2026-08-17,https://www.carfax.com/vehicle/WBY33FK08RCP70798,66800,Black,,1,0,Personal Use,https://retail.photos.vin/WBY33FK08RCP70798-1.jpg,https://www.carfax.com/VehicleHistory/p/Report.cfx?vin=WBY33FK08RCP70798&partner=FRD_2,33.9231,-117.41679,1705
2026-08-23,bmw-i5-edrive40,National,WBY33FK04RCR68522,2024,eDrive40,40675,40794,BMW of Silver Spring,Silver Spring,MD,2026-08-09,https://www.carfax.com/vehicle/WBY33FK04RCR68522,66800,Black,,1,0,Lease Use,https://retail.photos.vin/WBY33FK04RCR68522-1.jpg,https://www.carfax.com/VehicleHistory/p/Report.cfx?vin=WBY33FK04RCR68522&partner=FRD_2,39.07885,-76.9459,406
2026-08-23,bmw-i5-edrive40,National,WBY33FK06RCR47204,2024,eDrive40,31382,40897,Platinum Cars Marietta,Marietta,GA,2026-08-09,https://www.carfax.com/vehicle/WBY33FK06RCR47204,66800,Black,,2,0,Personal Use,https://retail.photos.vin/WBY33FK06RCR47204-1.jpg,https://www.carfax.com/VehicleHistory/p/Report.cfx?vin=WBY33FK06RCR47204&partner=FRD_2,33.92204,-84.50384,358
2026-08-23,bmw-i5-edrive40,National,WBY33FK05RCS80027,2024,eDrive40,29317,40990,Carvana,Sacramento,CA,2026-08-11,https://www.carvana.com/vehicle/4571921,66800,Black,,2,0,Rental Use,https://retail.photos.vin/WBY33FK05RCS80027-1.jpg,https://www.carfax.com/VehicleHistory/p/Report.cfx?partner=CVN_0&vin=WBY33FK05RCS80027,0.0,0.0,5924
2026-08-23,bmw-i5-edrive40,National,WBY33FK00RCP55213,2024,eDrive40,37462,40998,lone star chevrolet,Houston,TX,2026-08-09,https://lonestarchevrolet.com/used/BMW/2024-BMW-i5-e2462dbcac185c3035c89e23d62761b7.htm,,Mineral White Metallic,,1,0,Personal Use,https://retail.photos.vin/WBY33FK00RCP55213-1.jpg,https://www.carfax.com/VehicleHistory/p/Report.cfx?vin=WBY33FK00RCP55213&partner=FRD_2,29.67678,-95.54202,876
2026-08-23,bmw-i5-edrive40,National,WBY33FK09RCP87626,2024,eDrive40,24472,41477,hendrick chrysler dodge jeep ram fiat wilmington,Wilmington,NC,2026-08-09,https://hendrickjeepwilmington.com/certified/BMW/2024-BMW-i5-wilmington-83343a8eac182bd95ba357c75b448ab1.htm,,,1,,,,https://retail.photos.vin/WBY33FK09RCP87626-1.jpg,https://www.carfax.com/VehicleHistory/p/Report.cfx?vin=WBY33FK09RCP87626&partner=FRD_2,0.0,0.0,5924
2026-08-23,bmw-i5-edrive40,National,WBY33FK09RCP82409,2024,eDrive40,30529,41590,Carvana,Dallas,TX,2026-08-11,https://www.carvana.com/vehicle/4537581,66800,Black,,1,0,Personal Use,https://retail.photos.vin/WBY33FK09RCP82409-1.jpg,https://www.carfax.com/VehicleHistory/p/Report.cfx?partner=CVN_0&vin=WBY33FK09RCP82409,0.0,0.0,5924
2026-08-23,bmw-i5-edrive40,National,WBY33FK04RCS86613,2024,eDrive40,32616,41990,Carvana,Tampa,FL,2026-08-20,https://www.carvana.com/vehicle/4627712,66800,White,,,,,https://retail.photos.vin/WBY33FK04RCS86613-1.jpg,https://www.carfax.com/VehicleHistory/p/Report.cfx?partner=CVN_0&vin=WBY33FK04RCS86613,0.0,0.0,5924
2026-08-23,bmw-i5-edrive40,National,WBY33FK06RCR50278,2024,eDrive40,40525,41990,niello bmw sacramento,Sacramento,CA,2026-08-16,https://niello.com/certified/BMW/2024-BMW-i5-06a2060dac1846fa1e332511092a5081.htm,,Black Sapphire Metallic,1,2,0,Multiple Use,https://retail.photos.vin/WBY33FK06RCR50278-1.jpg,https://www.carfax.com/VehicleHistory/p/Report.cfx?vin=WBY33FK06RCR50278&partner=FRD_2,38.40288,-121.38927,1788
2026-08-23,bmw-i5-edrive40,National,WBY33FK05RCS37890,2024,eDrive40,18143,42073,Audi Van Nuys,Sherman Oaks,CA,2026-08-09,https://www.carfax.com/vehicle/WBY33FK05RCS37890,66800,Gray,,2,0,Multiple Use,https://retail.photos.vin/WBY33FK05RCS37890-1.jpg,https://www.carfax.com/VehicleHistory/p/Report.cfx?vin=WBY33FK05RCS37890&partner=FRD_2,34.16598,-118.44923,1750
2026-08-23,bmw-i5-edrive40,National,WBY33FK01RCS76878,2024,eDrive40,19147,42084,Audi West Covina,West Covina,CA,2026-08-09,https://www.carfax.com/vehicle/WBY33FK01RCS76878,66800,Black,,1,0,Rental Use,https://retail.photos.vin/WBY33FK01RCS76878-1.jpg,https://www.carfax.com/VehicleHistory/p/Report.cfx?vin=WBY33FK01RCS76878&partner=FRD_2,34.07124,-117.90144,1725
2026-08-23,bmw-i5-edrive40,National,WBY33FK06RCR93843,2024,eDrive40,21736,42226,bmw of buena park,Buena Park,CA,2026-08-09,https://bmwbuenapark.com/used/BMW/2024-BMW-i5-674d649fac1851c1ca6e0f38917fdd8a.htm,,Alpine White,,1,0,Personal Use,https://retail.photos.vin/WBY33FK06RCR93843-1.jpg,https://www.carfax.com/VehicleHistory/p/Report.cfx?vin=WBY33FK06RCR93843&partner=FRD_2,33.862,-117.989,1736
2026-08-23,bmw-i5-edrive40,National,WBY33FK08RCR89549,2024,eDrive40,16217,42250,ecarone,Plano,TX,2026-08-20,https://ecarone.com/used/BMW/2024-BMW-i5-near-dallas-tx-1cb49c13ac1832e951f5fea7d2565774.htm,,Black Sapphire Metallic,,1,0,Personal Use,https://retail.photos.vin/WBY33FK08RCR89549-1.jpg,https://www.carfax.com/VehicleHistory/p/Report.cfx?vin=WBY33FK08RCR89549&partner=FRD_2,33.01525,-96.77679,752
2026-08-23,bmw-i5-edrive40,National,WBY33FK02RCS61015,2024,eDrive40,17289,42500,BMVW Auto Sales,Union City,GA,2026-08-11,https://www.carfax.com/vehicle/WBY33FK02RCS61015,66800,Gray,,1,1,Personal Use,https://retail.photos.vin/WBY33FK02RCS61015-1.jpg,https://www.carfax.com/VehicleHistory/p/Report.cfx?vin=WBY33FK02RCS61015&partner=FRD_2,33.57069,-84.53822,382
2026-08-23,bmw-i5-edrive40,National,WBY33FK0XRCP53727,2024,eDrive40,39477,42531,hendrick chrysler dodge jeep ram fiat wilmington,Wilmington,NC,2026-08-09,https://hendrickjeepwilmington.com/certified/BMW/2024-BMW-i5-wilmington-958c9337ac184d2b5dd6c1626994b4ce.htm,,,1,,,,https://retail.photos.vin/WBY33FK0XRCP53727-1.jpg,https://www.carfax.com/VehicleHistory/p/Report.cfx?vin=WBY33FK0XRCP53727&partner=FRD_2,0.0,0.0,5924
2026-08-23,bmw-i5-edrive40,National,WBY33FK0XRCP36412,2024,eDrive40,36578,42901,Nalley BMW of Decatur,Decatur,GA,2026-08-09,https://nalleybmw.com/used/BMW/2024-BMW-i5-in-Atlanta-b209ba38ac1833deba8e7e1b804ff547.htm,66800,Tanzanite Blue II Metallic,,1,1,Lease,https://retail.photos.vin/WBY33FK0XRCP36412-1.jpg,https://www.carfax.com/VehicleHistory/p/Report.cfx?vin=WBY33FK0XRCP36412&partner=FRD_2,33.7939,-84.28451,367
2026-08-23,bmw-i5-edrive40,National,WBY33FK09RCP95158,2024,eDrive40,35049,42977,hendrick chrysler dodge jeep ram fiat wilmington,Wilmington,NC,2026-08-09,https://hendrickjeepwilmington.com/certified/BMW/2024-BMW-i5-wilmington-89e389a5ac184d2b5dd6c162eb4505c1.htm,,,1,,,,https://retail.photos.vin/WBY33FK09RCP95158-1.jpg,https://www.carfax.com/VehicleHistory/p/Report.cfx?vin=WBY33FK09RCP95158&partner=FRD_2,0.0,0.0,5924
2026-08-23,bmw-i5-edrive40,National,WBY33FK03RCR30750,2024,eDrive40,30167,42987,Versatile Collection,Alpharetta,GA,2026-08-14,https://vc-car.com/vdp/24194579/Used-2024-BMW-i5-eDrive40-Sedan-Premium-Luxury-Tech-HUD-HID-LED-XM-for-sale-in-Alpharetta-GA-30075,66800,Black,,1,0,Personal Use,https://retail.photos.vin/WBY33FK03RCR30750-1.jpg,https://www.carfax.com/VehicleHistory/p/Report.cfx?vin=WBY33FK03RCR30750&partner=FRD_2,34.13692,-84.24788,343
2026-08-23,bmw-i5-edrive40,National,WBY33FK03RCS37886,2024,eDrive40,22912,42990,Carvana,Atlanta,GA,2026-08-19,https://www.carvana.com/vehicle/4657282,66800,Black,,,,,https://retail.photos.vin/WBY33FK03RCS37886-1.jpg,https://www.carfax.com/VehicleHistory/p/Report.cfx?partner=CVN_0&vin=WBY33FK03RCS37886,0.0,0.0,5924
2026-08-23,bmw-i5-edrive40,National,WBY33FK06RCN91322,2024,eDrive40,19174,42997,BMW of Denver Downtown,Denver,CO,2026-08-09,https://www.carfax.com/vehicle/WBY33FK06RCN91322,66800,Gray,,1,0,Personal Use,https://retail.photos.vin/WBY33FK06RCN91322-1.jpg,https://www.carfax.com/VehicleHistory/p/Report.cfx?vin=WBY33FK06RCN91322&partner=FRD_2,39.69757,-104.94,917
2026-08-23,bmw-i5-edrive40,National,WBY33FK01RCS37885,2024,eDrive40,32592,42998,CarMax Houston Katy Freeway,Katy,TX,2026-07-30,https://www.autolist.com/bmw-i5#vin=WBY33FK01RCS37885,66800,Black Sapphire Metallic,,,,,https://retail.photos.vin/WBY33FK01RCS37885-1.jpg,https://www.carfax.com/VehicleHistory/p/Report.cfx?vin=WBY33FK01RCS37885&partner=FRD_2,29.78713,-95.74281,877
2026-08-23,bmw-i5-edrive40,National,WBY33FK08RCR89213,2024,eDrive40,18092,42999,bmw mini of monrovia,Monrovia,CA,2026-08-17,https://bmwofmonrovia.net/used/BMW/2024-BMW-i5-near-Los-Angeles-0afe99a4ac18341fab2e75cbb2ea51e4.htm,,Dark Graphite Metallic,,1,0,Personal Use,https://retail.photos.vin/WBY33FK08RCR89213-1.jpg,https://www.carfax.com/VehicleHistory/p/Report.cfx?vin=WBY33FK08RCR89213&partner=FRD_2,34.06163,-118.34018,1747
2026-08-23,bmw-i5-edrive40,National,WBY33FK05RCS41308,2024,eDrive40,18056,43590,Carvana,,,2026-08-18,https://www.carvana.com/vehicle/4660938,66800,Black,,,,,https://retail.photos.vin/WBY33FK05RCS41308-1.jpg,https://www.carfax.com/VehicleHistory/p/Report.cfx?partner=CVN_0&vin=WBY33FK05RCS41308,0.0,0.0,5924
2026-08-23,bmw-i5-edrive40,National,WBY33FK09RCR29277,2024,eDrive40,26983,43590,Carvana,Indianapolis,IN,2026-08-11,https://www.carvana.com/vehicle/4620141,66800,Gray,,2,0,Lease,https://retail.photos.vin/WBY33FK09RCR29277-1.jpg,https://www.carfax.com/VehicleHistory/p/Report.cfx?partner=CVN_0&vin=WBY33FK09RCR29277,0.0,0.0,5924
2026-08-23,bmw-i5-edrive40,National,WBY33FK07RCR83662,2024,eDrive40,6702,43694,Corwin Buick GMC Cadillac Reno,Reno,NV,2026-08-09,https://www.corwinbuickgmcreno.com/used-Reno-2024-BMW-i5-eDrive40-WBY33FK07RCR83662,66800,Gray,,0,0,Vehicle Use,https://retail.photos.vin/WBY33FK07RCR83662-1.jpg,https://www.carfax.com/VehicleHistory/p/Report.cfx?vin=WBY33FK07RCR83662&partner=FRD_2,39.51739,-119.7879,1683
2026-08-23,bmw-i5-edrive40,National,WBY33FK00RCP40114,2024,eDrive40,18067,43771,Driveway,San Francisco,CA,2026-07-18,https://www.autolist.com/bmw-i5#vin=WBY33FK00RCP40114,66800,Dark Graphite Metallic,,1,0,Lease,https://retail.photos.vin/WBY33FK00RCP40114-1.jpg,https://www.carfax.com/VehicleHistory/p/Report.cfx?vin=WBY33FK00RCP40114&partner=FRD_2,37.77086,-122.4174,1855
2026-08-23,bmw-i5-edrive40,National,WBY33FK05RCS39462,2024,eDrive40,16158,43815,Polestar Austin,Austin,TX,2026-06-25,https://www.autolist.com/bmw-i5#vin=WBY33FK05RCS39462,66800,White,,1,0,Rental Use,https://retail.photos.vin/WBY33FK05RCS39462-1.jpg,https://www.carfax.com/VehicleHistory/p/Report.cfx?vin=WBY33FK05RCS39462&partner=FRD_2,30.35213,-97.73344,921
2026-08-23,bmw-i5-edrive40,National,WBY33FK07RCS39463,2024,eDrive40,31746,43990,Carvana,Atlanta,GA,2026-08-11,https://www.carvana.com/vehicle/4635723,66800,White,,1,0,Rental Use,https://retail.photos.vin/WBY33FK07RCS39463-1.jpg,https://www.carfax.com/VehicleHistory/p/Report.cfx?partner=CVN_0&vin=WBY33FK07RCS39463,0.0,0.0,5924
2026-08-23,bmw-i5-edrive40,National,WBY33FK00RCS84678,2024,eDrive40,14383,43990,Carvana,Atlanta,GA,2026-08-18,https://www.carvana.com/vehicle/4662114,66800,White,,,,,https://retail.photos.vin/WBY33FK00RCS84678-1.jpg,https://www.carfax.com/VehicleHistory/p/Report.cfx?partner=CVN_0&vin=WBY33FK00RCS84678,0.0,0.0,5924
2026-08-23,bmw-i5-edrive40,National,WBY33FK09RCS35723,2024,eDrive40,31492,43995,bmw of the woodlands,Conroe,TX,2026-08-09,https://bmwofthewoodlands.com/used/BMW/2024-BMW-i5-bed898c8ac1843b4d08f34f950be5f76.htm,,Alpine White,,2,1,Multiple Use,https://retail.photos.vin/WBY33FK09RCS35723-1.jpg,https://www.carfax.com/VehicleHistory/p/Report.cfx?vin=WBY33FK09RCS35723&partner=FRD_2,30.198,-95.457,844
2026-08-23,bmw-i5-edrive40,National,WBY33FK00RCP89054,2024,eDrive40,30462,43997,BMW of Bridgewater,Bridgewater,NJ,2026-08-13,https://www.bmwofbridgewater.com/viewdetails/cpo/wby33fk00rcp89054/2024-bmw-i5-4dr-car?type=finance,66800,White,,1,0,Personal Use,https://retail.photos.vin/WBY33FK00RCP89054-1.jpg,https://www.carfax.com/VehicleHistory/p/Report.cfx?vin=WBY33FK00RCP89054&partner=FRD_2,40.60264,-74.62419,534
2026-08-23,bmw-i5-edrive40,National,WBY33FK0XRCP37866,2024,eDrive40,21404,44079,Stevens Creek BMW,Santa Clara,CA,2026-08-11,https://www.carfax.com/vehicle/WBY33FK0XRCP37866,66800,White,,1,0,Personal Use,https://retail.photos.vin/WBY33FK0XRCP37866-1.jpg,https://www.carfax.com/VehicleHistory/p/Report.cfx?vin=WBY33FK0XRCP37866&partner=FRD_2,37.32375,-121.97793,1843
2026-08-23,bmw-i5-edrive40,National,WBY33FK00RCR93000,2024,eDrive40,1899,54459,BMW of Spokane,Spokane,WA,2026-08-09,https://www.bmwofspokane.com/used-Spokane-2024-BMW-i5-eDrive40-WBY33FK00RCR93000,66800,White,,0,0,Vehicle Use,https://retail.photos.vin/WBY33FK00RCR93000-1.jpg,https://www.carfax.com/VehicleHistory/p/Report.cfx?vin=WBY33FK00RCR93000&partner=FRD_2,47.67884,-117.40748,1504
2026-08-23,bmw-i5-edrive40,National,WBY33FK08SCU88019,2025,eDrive40,2637,49000,Drive A Dream,Marietta,GA,2026-07-29,https://www.autolist.com/bmw-i5#vin=WBY33FK08SCU88019,67100,Alpine White,,1,0,Corporate Fleet,https://retail.photos.vin/WBY33FK08SCU88019-1.jpg,https://www.carfax.com/VehicleHistory/p/Report.cfx?vin=WBY33FK08SCU88019&partner=FRD_2,33.98041,-84.55517,354
2026-08-23,bmw-i5-edrive40,National,WBY33FK03RCP55559,2024,eDrive40,5171,45999,bmw mini of monrovia,Monrovia,CA,2026-08-09,https://bmwofmonrovia.net/certified/BMW/2024-BMW-i5-near-Los-Angeles-ca9ec478ac1854b88187b0c1815b8aba.htm,,Alpine White,1,1,0,Personal Use,https://retail.photos.vin/WBY33FK03RCP55559-1.jpg,https://www.carfax.com/VehicleHistory/p/Report.cfx?vin=WBY33FK03RCP55559&partner=FRD_2,34.06163,-118.34018,1747
2026-08-23,bmw-i5-edrive40,National,WBY33FK0XSCU70010,2025,eDrive40,5770,49164,Mercedes-Benz of Chandler,Chandler,AZ,2026-06-24,https://www.autolist.com/bmw-i5#vin=WBY33FK0XSCU70010,67100,Black Sapphire Metallic,,1,0,Lease,https://retail.photos.vin/WBY33FK0XSCU70010-1.jpg,https://www.carfax.com/VehicleHistory/p/Report.cfx?vin=WBY33FK0XSCU70010&partner=FRD_2,33.32352,-111.97064,1452
2026-08-23,bmw-i5-edrive40,National,WBY33FK04SCT75975,2025,eDrive40,6403,49640,Alfa Romeo of Plano,Plano,TX,2026-08-09,https://www.carfax.com/vehicle/WBY33FK04SCT75975,67100,Red,,1,1,Corporate Use,https://retail.photos.vin/WBY33FK04SCT75975-1.jpg,https://www.carfax.com/VehicleHistory/p/Report.cfx?vin=WBY33FK04SCT75975&partner=FRD_2,33.01495,-96.78322,752
2026-08-23,bmw-i5-edrive40,National,WBY33FK06SCU73471,2025,eDrive40,6660,53476,Tom Bush BMW Jacksonville,Jacksonville,FL,2026-08-12,https://www.tombushbmw.com/used-Jacksonville-2025-BMW-i5-eDrive40-WBY33FK06SCU73471,67100,Gray,,2,0,Multiple Use,https://retail.photos.vin/WBY33FK06SCU73471-1.jpg,https://www.carfax.com/VehicleHistory/p/Report.cfx?vin=WBY33FK06SCU73471&partner=FRD_2,30.32337,-81.54259,630
2026-08-23,bmw-i5-edrive40,National,WBY33FK06SCU63880,2025,eDrive40,6819,49500,nalley bmw,Decatur,GA,2026-08-09,https://nalleybmw.com/used/BMW/2025-BMW-i5-in-Atlanta-7b35269aac18013719a6da34dc4e0804.htm,,Mineral White,,2,0,Multiple Use,https://retail.photos.vin/WBY33FK06SCU63880-1.jpg,https://www.carfax.com/VehicleHistory/p/Report.cfx?vin=WBY33FK06SCU63880&partner=FRD_2,34.05967,-84.324,349
2026-08-23,bmw-i5-edrive40,National,WBY33FK06RCR84771,2024,eDrive40,7782,48749,Impex Auto Sales,Greensboro,NC,2026-08-09,https://www.carfax.com/vehicle/WBY33FK06RCR84771,66800,Black,,1,0,Personal Use,https://retail.photos.vin/WBY33FK06RCR84771-1.jpg,https://www.carfax.com/VehicleHistory/p/Report.cfx?vin=WBY33FK06RCR84771&partner=FRD_2,36.01541,-79.84421,333
2026-08-23,bmw-i5-edrive40,National,WBY33FK09SCT65958,2025,eDrive40,9184,51588,bmw of las vegas,Las Vegas,NV,2026-08-09,https://bmwvegas.com/certified/BMW/2025-BMW-i5-b9b2a649ac18131151cd1f59eab9849b.htm,,Mineral White Metallic,1,1,0,Personal Use,https://retail.photos.vin/WBY33FK09SCT65958-1.jpg,https://www.carfax.com/VehicleHistory/p/Report.cfx?vin=WBY33FK09SCT65958&partner=FRD_2,36.145,-115.245,1528
2026-08-23,bmw-i5-edrive40,National,WBY33FK05RCR93025,2024,eDrive40,9360,48992,Richmond BMW,Henrico,VA,2026-08-19,https://www.autolist.com/bmw-i5#vin=WBY33FK05RCR93025,66800,Gray,,1,0,Personal Use,https://retail.photos.vin/WBY33FK05RCR93025-1.jpg,https://www.carfax.com/VehicleHistory/p/Report.cfx?vin=WBY33FK05RCR93025&partner=FRD_2,37.63378,-77.54146,391
2026-08-23,bmw-i5-edrive40,National,WBY33FK09SCT64650,2025,eDrive40,10449,46590,Carvana,Indianapolis,IN,2026-08-11,https://www.carvana.com/vehicle/4472222,67100,White,,1,0,Corporate Fleet,https://retail.photos.vin/WBY33FK09SCT64650-1.jpg,https://www.carfax.com/VehicleHistory/p/Report.cfx?partner=CVN_0&vin=WBY33FK09SCT64650,0.0,0.0,5924
2026-08-23,bmw-i5-edrive40,National,WBY33FK09SCT13763,2025,eDrive40,10456,48884,BMW of Ocala,Ocala,FL,2026-08-09,https://www.carfax.com/vehicle/WBY33FK09SCT13763,67100,Gray,,1,0,Personal Use,https://retail.photos.vin/WBY33FK09SCT13763-1.jpg,https://www.carfax.com/VehicleHistory/p/Report.cfx?vin=WBY33FK09SCT13763&partner=FRD_2,29.13059,-82.20544,701
2026-08-23,bmw-i5-edrive40,National,WBY33FK08RCR39315,2024,eDrive40,11278,49746,North Fort Lauderdale Subaru,Fort Lauderdale,FL,2026-08-22,https://www.carfax.com/vehicle/WBY33FK08RCR39315,66800,Gray,,1,0,Personal Use,https://retail.photos.vin/WBY33FK08RCR39315-1.jpg,https://www.carfax.com/VehicleHistory/p/Report.cfx?vin=WBY33FK08RCR39315&partner=FRD_2,26.20687,-80.14222,926
2026-08-23,bmw-i5-edrive40,National,WBY33FK06RCR39314,2024,eDrive40,12705,74709,BMW MINI of Shawnee Mission,Mission,KS,2026-08-09,https://www.carfax.com/vehicle/WBY33FK06RCR39314,66800,Black,,0,0,Vehicle Use,https://retail.photos.vin/WBY33FK06RCR39314-1.jpg,https://www.carfax.com/VehicleHistory/p/Report.cfx?vin=WBY33FK06RCR39314&partner=FRD_2,39.01597,-94.69147,421
2026-08-23,bmw-i5-edrive40,National,WBY33FK03RCR06660,2024,eDrive40,13106,47998,CarMax Laurel,Laurel,MD,2026-08-03,https://www.autolist.com/bmw-i5#vin=WBY33FK03RCR06660,66800,Black Sapphire Metallic,,0,0,Personal Use,https://retail.photos.vin/WBY33FK03RCR06660-1.jpg,https://www.carfax.com/VehicleHistory/p/Report.cfx?vin=WBY33FK03RCR06660&partner=FRD_2,39.12771,-76.82515,412
2026-08-23,bmw-i5-edrive40,National,WBY33FK04RCR29347,2024,eDrive40,13291,46882,BMW of Norwood,Norwood,MA,2026-08-09,https://www.carfax.com/vehicle/WBY33FK04RCR29347,66800,Black,,1,1,Personal Use,https://retail.photos.vin/WBY33FK04RCR29347-1.jpg,https://www.carfax.com/VehicleHistory/p/Report.cfx?vin=WBY33FK04RCR29347&partner=FRD_2,42.18027,-71.18757,729
2026-08-23,bmw-i5-edrive40,National,WBY33FK03RCS03415,2024,eDrive40,13982,46395,BMW of Roxbury,Kenvil,NJ,2026-08-20,https://www.carfax.com/vehicle/WBY33FK03RCS03415,66800,Black,,1,0,Corporate Use,https://retail.photos.vin/WBY33FK03RCS03415-1.jpg,https://www.carfax.com/VehicleHistory/p/Report.cfx?vin=WBY33FK03RCS03415&partner=FRD_2,40.87852,-74.63585,537
2026-08-23,bmw-i5-edrive40,National,WBY33FK07RCR64187,2024,eDrive40,14217,49050,Auto Web Expo,Plano,TX,2026-08-04,https://www.autolist.com/bmw-i5#vin=WBY33FK07RCR64187,66800,Black Sapphire Metallic,,1,0,Personal Use,https://retail.photos.vin/WBY33FK07RCR64187-1.jpg,https://www.carfax.com/VehicleHistory/p/Report.cfx?vin=WBY33FK07RCR64187&partner=FRD_2,33.01636,-96.78199,752
2026-08-23,bmw-i5-edrive40,National,WBY33FK08RCR50315,2024,eDrive40,14318,49999,crown lexus,Ontario,CA,2026-08-20,https://crownlexus.com/certified/BMW/2024-BMW-i5-1a726a0aac1846fa1e33251141ec8733.htm,,Tanzanite Blue II Metallic,1,1,0,Personal Use,https://retail.photos.vin/WBY33FK08RCR50315-1.jpg,https://www.carfax.com/VehicleHistory/p/Report.cfx?vin=WBY33FK08RCR50315&partner=FRD_2,34.06163,-118.34018,1747
2026-08-23,bmw-i5-edrive40,National,WBY33FK05RCS22435,2024,eDrive40,14520,54215,Sewell BMW Mini of Plano,Plano,TX,2026-08-16,https://www.carfax.com/vehicle/WBY33FK05RCS22435,66800,Gray,,0,0,Vehicle Use,https://retail.photos.vin/WBY33FK05RCS22435-1.jpg,https://www.carfax.com/VehicleHistory/p/Report.cfx?vin=WBY33FK05RCS22435&partner=FRD_2,33.06633,-96.82124,751
2026-08-23,bmw-i5-edrive40,National,WBY33FK00RCR89528,2024,eDrive40,14811,51698,Braman BMW West Palm Beach,West Palm Beach,FL,2026-08-09,https://www.carfax.com/vehicle/WBY33FK00RCR89528,66800,Gray,,1,0,Personal Use,https://retail.photos.vin/WBY33FK00RCR89528-1.jpg,https://www.carfax.com/VehicleHistory/p/Report.cfx?vin=WBY33FK00RCR89528&partner=FRD_2,26.7073,-80.09837,894
2026-08-23,bmw-i5-edrive40,National,WBY33FK05SCU88074,2025,eDrive40,15143,50108,BMW of Austin,Austin,TX,2026-07-29,https://www.autolist.com/bmw-i5#vin=WBY33FK05SCU88074,67100,Mineral White Metallic,1,1,0,Lease,https://retail.photos.vin/WBY33FK05SCU88074-1.jpg,https://www.carfax.com/VehicleHistory/p/Report.cfx?vin=WBY33FK05SCU88074&partner=FRD_2,30.46031,-97.75162,917
2026-08-23,bmw-i5-edrive40,National,WBY33FK03SCT63915,2025,eDrive40,15282,44514,Clearwater INFINITI,Clearwater,FL,2026-08-09,https://www.carfax.com/vehicle/WBY33FK03SCT63915,67100,Black,,1,0,Rental Use,https://retail.photos.vin/WBY33FK03SCT63915-1.jpg,https://www.carfax.com/VehicleHistory/p/Report.cfx?vin=WBY33FK03SCT63915&partner=FRD_2,27.95201,-82.73102,777
2026-08-23,bmw-i5-edrive40,National,WBY33FK0XRCR35394,2024,eDrive40,15602,45209,BMW of Austin,Austin,TX,2026-06-27,https://www.autolist.com/bmw-i5#vin=WBY33FK0XRCR35394,66800,Black,,,,,https://retail.photos.vin/WBY33FK0XRCR35394-1.jpg,https://www.carfax.com/VehicleHistory/p/Report.cfx?vin=WBY33FK0XRCR35394&partner=FRD_2,30.46031,-97.75162,917
2026-08-23,bmw-i5-edrive40,National,WBY33FK06RCR64195,2024,eDrive40,15911,45572,BMW of Honolulu,Honolulu,HI,2026-08-09,https://www.carfax.com/vehicle/WBY33FK06RCR64195,66800,Black,,1,0,Personal Use,https://retail.photos.vin/WBY33FK06RCR64195-1.jpg,https://www.carfax.com/VehicleHistory/p/Report.cfx?vin=WBY33FK06RCR64195&partner=FRD_2,21.30017,-157.85405,4249
2026-08-23,bmw-i5-edrive40,National,WBY33FK0XRCR49411,2024,eDrive40,16496,45998,CarMax Southlake,Stockbridge,GA,2026-08-15,https://www.autolist.com/bmw-i5#vin=WBY33FK0XRCR49411,66800,Alpine White,,1,0,Lease,https://retail.photos.vin/WBY33FK0XRCR49411-1.jpg,https://www.carfax.com/VehicleHistory/p/Report.cfx?vin=WBY33FK0XRCR49411&partner=FRD_2,33.5491,-84.29093,384
2026-08-23,bmw-i5-edrive40,National,WBY33FK05RCP99465,2024,eDrive40,16768,54999,bmw of fairfax,Fairfax,VA,2026-08-15,https://bmwoffairfax.com/certified/BMW/2024-BMW-i5-fairfax-0344e940ac1829bdcb8ca51553583efa.htm,,Brooklyn Grey Metallic,1,1,0,Personal Use,https://retail.photos.vin/WBY33FK05RCP99465-1.jpg,https://www.carfax.com/VehicleHistory/p/Report.cfx?vin=WBY33FK05RCP99465&partner=FRD_2,38.87331,-77.23661,391
2026-08-23,bmw-i5-edrive40,National,WBY33FK05SCT64421,2025,eDrive40,17706,46040,Dena Motors,Conyers,GA,2026-08-09,https://www.carfax.com/vehicle/WBY33FK05SCT64421,67100,Gray,,1,0,Rental Use,https://retail.photos.vin/WBY33FK05SCT64421-1.jpg,https://www.carfax.com/VehicleHistory/p/Report.cfx?vin=WBY33FK05SCT64421&partner=FRD_2,33.67092,-84.04699,376
2026-08-23,bmw-i5-edrive40,National,WBY33FK00SCT64147,2025,eDrive40,18073,44588,University Mitsubishi,Davie,FL,2026-08-15,https://www.autolist.com/bmw-i5#vin=WBY33FK00SCT64147,67100,Gray,,1,0,Rental Use,https://retail.photos.vin/WBY33FK00SCT64147-1.jpg,https://www.carfax.com/VehicleHistory/p/Report.cfx?vin=WBY33FK00SCT64147&partner=FRD_2,26.05406,-80.2532,935
2026-08-23,bmw-i5-xdrive40,Chicago,WBY13HG0XSCS54122,2025,xDrive40,22678,52484,BMW of Milwaukee North,Milwaukee,WI,2026-08-09,https://www.carfax.com/vehicle/WBY13HG0XSCS54122,70100,White,,1,1,Personal Use,https://retail.photos.vin/WBY13HG0XSCS54122-1.jpg,https://www.carfax.com/VehicleHistory/p/Report.cfx?vin=WBY13HG0XSCS54122&partner=FRD_2,43.12589,-87.93425,87
2026-08-23,bmw-i5-xdrive40,Chicago,WBY13HG03SCT44406,2025,xDrive40,27530,53052,Ottawa Honda,Ottawa,IL,2026-08-15,https://www.ottawahonda.net/viewdetails/used/wby13hg03sct44406/2025-bmw-i5-4dr-car?type=finance,70100,Black,,1,0,Personal Use,https://retail.photos.vin/WBY13HG03SCT44406-1.jpg,https://www.carfax.com/VehicleHistory/p/Report.cfx?vin=WBY13HG03SCT44406&partner=FRD_2,41.37863,-88.8368,72
2026-08-23,bmw-i5-xdrive40,Cincinnati,WBY13HG06SCS12076,2025,xDrive40,16668,54644,Yark BMW,Toledo,OH,2026-08-09,https://bmwoftoledo.com/used/BMW/2025-BMW-i5-e74777f2ac180297151d51a7014313fe.htm,70100,White,,1,1,Corporate Use,https://retail.photos.vin/WBY13HG06SCS12076-1.jpg,https://www.carfax.com/VehicleHistory/p/Report.cfx?vin=WBY13HG06SCS12076&partner=FRD_2,41.67435,-83.72531,182
2026-08-23,bmw-i5-xdrive40,National,WBY13HG06SCT75505,2025,xDrive40,7238,56309,Twins Auto Sales,Redford,MI,2026-08-11,https://www.carfax.com/vehicle/WBY13HG06SCT75505,70100,Gray,,2,0,Personal Use,https://retail.photos.vin/WBY13HG06SCT75505-1.jpg,https://www.carfax.com/VehicleHistory/p/Report.cfx?vin=WBY13HG06SCT75505&partner=FRD_2,42.43113,-83.29291,225
2026-08-23,bmw-i5-xdrive40,National,WBY13HG05SCS15079,2025,xDrive40,23593,56668,Bobby Rahal BMW of South Hills,Canonsburg,PA,2026-08-09,https://www.carfax.com/vehicle/WBY13HG05SCS15079,70100,Black,,1,0,Personal Use,https://retail.photos.vin/WBY13HG05SCS15079-1.jpg,https://www.carfax.com/VehicleHistory/p/Report.cfx?vin=WBY13HG05SCS15079&partner=FRD_2,40.25523,-80.15207,245
2026-08-23,bmw-i5-xdrive40,National,WBY13HG08SCS11804,2025,xDrive40,24920,60997,Classic Toyota of North Wilkesboro,North Wilkesboro,NC,2026-08-18,https://www.autolist.com/bmw-i5#vin=WBY13HG08SCS11804,70100,Black,,,,,https://retail.photos.vin/WBY13HG08SCS11804-1.jpg,https://www.carfax.com/VehicleHistory/p/Report.cfx?vin=WBY13HG08SCS11804&partner=FRD_2,36.1643,-81.08051,277
2026-08-23,bmw-i5-xdrive40,National,WBY13HG09SCU80068,2025,xDrive40,4701,61490,autohaus bmw,Saint Louis,MO,2026-08-09,https://bmwautohaus.com/used/BMW/2025-BMW-i5-for-sale-st-louis-mo-44ada274ac183ebb689d7c6de5fb3339.htm,,Black Sapphire Metallic,,1,0,Personal Use,https://retail.photos.vin/WBY13HG09SCU80068-1.jpg,https://www.carfax.com/VehicleHistory/p/Report.cfx?vin=WBY13HG09SCU80068&partner=FRD_2,38.60949,-90.33465,238
2026-08-23,bmw-i5-xdrive40,Indianapolis,WBY13HG08SCU89179,2025,xDrive40,1661,76365,BMW of Fort Wayne,Fort Wayne,IN,2025-03-28,https://www.autolist.com/bmw-i5#vin=WBY13HG08SCU89179,70100,Black,,,,,https://retail.photos.vin/WBY13HG08SCU89179-1.jpg,https://www.carfax.com/VehicleHistory/p/Report.cfx?vin=WBY13HG08SCU89179&partner=FRD_2,41.07615,-85.21558,103
2026-08-23,bmw-i5-xdrive40,National,WBY13HG09SCS84860,2025,xDrive40,6895,46538,Royal Auto Group,Haddon Township,NJ,2026-08-09,https://www.carfax.com/vehicle/WBY13HG09SCS84860,70100,White,,1,0,Personal Use,https://retail.photos.vin/WBY13HG09SCS84860-1.jpg,https://www.carfax.com/VehicleHistory/p/Report.cfx?vin=WBY13HG09SCS84860&partner=FRD_2,39.90328,-75.09422,505
2026-08-23,bmw-i5-xdrive40,National,WBY13HG02SCS75188,2025,xDrive40,17493,49163,Bob Johnson Chrysler Dodge Jeep Ram,Watertown,NY,2026-03-10,https://www.autolist.com/bmw-i5#vin=WBY13HG02SCS75188,70100,Mineral White Metallic,,1,0,Personal Use,https://retail.photos.vin/WBY13HG02SCS75188-1.jpg,https://www.carfax.com/VehicleHistory/p/Report.cfx?vin=WBY13HG02SCS75188&partner=FRD_2,43.96278,-75.90374,557
2026-08-23,bmw-i5-xdrive40,National,WBY13HG01SCS85680,2025,xDrive40,209,49495,HGreg.com Palm Beach,West Palm Beach,FL,2026-08-09,https://www.carfax.com/vehicle/WBY13HG01SCS85680,70100,Gray,,1,0,Personal Use,https://retail.photos.vin/WBY13HG01SCS85680-1.jpg,https://www.carfax.com/VehicleHistory/p/Report.cfx?vin=WBY13HG01SCS85680&partner=FRD_2,26.66892,-80.11362,896
2026-08-23,bmw-i5-xdrive40,National,WBY13HG06SCS41187,2025,xDrive40,30750,51188,BMW MINI of Shawnee Mission,Mission,KS,2026-08-09,https://www.carfax.com/vehicle/WBY13HG06SCS41187,70100,Black,,1,0,Personal Use,https://retail.photos.vin/WBY13HG06SCS41187-1.jpg,https://www.carfax.com/VehicleHistory/p/Report.cfx?vin=WBY13HG06SCS41187&partner=FRD_2,39.01597,-94.69147,421
2026-08-23,bmw-i5-xdrive40,National,WBY13HG08SCT69740,2025,xDrive40,13621,52750,BMW of Miami South and Mini of Miami South,Miami,FL,2026-08-09,https://www.carfax.com/vehicle/WBY13HG08SCT69740,70100,Gray,,1,0,Personal Use,https://retail.photos.vin/WBY13HG08SCT69740-1.jpg,https://www.carfax.com/VehicleHistory/p/Report.cfx?vin=WBY13HG08SCT69740&partner=FRD_2,25.61927,-80.34514,963
2026-08-23,bmw-i5-xdrive40,National,WBY13HG04SCS84975,2025,xDrive40,10566,53590,Carvana - Portland,Portland,OR,2026-08-11,https://www.carvana.com/vehicle/4590042,70100,Dark Graphite Metallic,,1,0,Lease,https://retail.photos.vin/WBY13HG04SCS84975-1.jpg,https://www.carfax.com/VehicleHistory/p/Report.cfx?vin=WBY13HG04SCS84975&partner=FRD_2,0.0,0.0,5924
2026-08-23,bmw-i5-xdrive40,National,WBY13HG00SCU51722,2025,xDrive40,2590,53986,bmw of fort washington,Fort Washington,PA,2026-08-09,https://bmwoffortwashington.com/certified/BMW/2025-BMW-i5-78a10dd9ac181588e4b749d9b0cef905.htm,,Oxide Gray Metallic,1,1,0,Personal Use,https://retail.photos.vin/WBY13HG00SCU51722-1.jpg,https://www.carfax.com/VehicleHistory/p/Report.cfx?vin=WBY13HG00SCU51722&partner=FRD_2,40.13429,-75.20732,500
2026-08-23,bmw-i5-xdrive40,National,WBY13HG0XSCS85628,2025,xDrive40,11674,54994,Automotive Avenues,Sewell,NJ,2026-08-09,https://www.carfax.com/vehicle/WBY13HG0XSCS85628,70100,White,,1,0,Personal Use,https://retail.photos.vin/WBY13HG0XSCS85628-1.jpg,https://www.carfax.com/VehicleHistory/p/Report.cfx?vin=WBY13HG0XSCS85628&partner=FRD_2,39.75151,-75.11267,503
2026-08-23,bmw-i5-xdrive40,National,WBY13HG08SCS30644,2025,xDrive40,25551,55381,BMW of Bridgeport,Bridgeport,CT,2026-08-09,https://www.carfax.com/vehicle/WBY13HG08SCS30644,70100,Gray,,1,0,Personal Use,https://retail.photos.vin/WBY13HG08SCS30644-1.jpg,https://www.carfax.com/VehicleHistory/p/Report.cfx?vin=WBY13HG08SCS30644&partner=FRD_2,41.20215,-73.18958,615
2026-08-23,bmw-i5-xdrive40,National,WBY13HG06SCS47605,2025,xDrive40,11728,55393,BMW of Newton,Newton,NJ,2026-08-09,https://www.carfax.com/vehicle/WBY13HG06SCS47605,70100,Blue,,1,1,Personal Use,https://retail.photos.vin/WBY13HG06SCS47605-1.jpg,https://www.carfax.com/VehicleHistory/p/Report.cfx?vin=WBY13HG06SCS47605&partner=FRD_2,41.08051,-74.73634,534
2026-08-23,bmw-i5-xdrive40,National,WBY13HG08SCS39361,2025,xDrive40,30090,55482,Jim McKay Chevrolet,Fairfax,VA,2026-08-12,https://www.jimmckaychevrolet.com/used-Fairfax-2025-BMW-i5-xDrive40-WBY13HG08SCS39361,70100,Gray,,1,0,Personal Use,https://retail.photos.vin/WBY13HG08SCS39361-1.jpg,https://www.carfax.com/VehicleHistory/p/Report.cfx?vin=WBY13HG08SCS39361&partner=FRD_2,38.8592,-77.30297,387
2026-08-23,bmw-i5-xdrive40,National,WBY13HG09SCT21003,2025,xDrive40,1557,55760,KIA of Cape Coral,Cape Coral,FL,2026-08-09,https://kiaofcapecoral.com/inventory/Used-2025-BMW-i5-xDrive40_Sedan-WBY13HG09SCT21003,70100,Gray,,1,0,Personal Use,https://retail.photos.vin/WBY13HG09SCT21003-1.jpg,https://www.carfax.com/VehicleHistory/p/Report.cfx?vin=WBY13HG09SCT21003&partner=FRD_2,26.65433,-81.96761,873
2026-08-23,bmw-i5-xdrive40,National,WBY13HG09SCU71760,2025,xDrive40,14821,55989,Scottsdale Mitsubishi,Scottsdale,AZ,2026-08-22,https://www.carfax.com/vehicle/WBY13HG09SCU71760,70100,Green,,1,0,Corporate Use,https://retail.photos.vin/WBY13HG09SCU71760-1.jpg,https://www.carfax.com/VehicleHistory/p/Report.cfx?vin=WBY13HG09SCU71760&partner=FRD_2,33.48597,-111.89028,1442
2026-08-23,bmw-i5-xdrive40,National,WBY13HG04SCT78578,2025,xDrive40,11770,55990,Carvana,Indianapolis,IN,2026-08-11,https://www.carvana.com/vehicle/4612575,70100,White,,2,0,Lease,https://retail.photos.vin/WBY13HG04SCT78578-1.jpg,https://www.carfax.com/VehicleHistory/p/Report.cfx?partner=CVN_0&vin=WBY13HG04SCT78578,0.0,0.0,5924
2026-08-23,bmw-i5-xdrive40,National,WBY13HG09SCT67334,2025,xDrive40,9772,56931,Way Scarff Ford,Auburn,WA,2026-08-09,https://www.wayscarfffordauburn.com/used-Auburn-2025-BMW-i5-xDrive40-WBY13HG09SCT67334,70100,Black,,1,0,Personal Use,https://retail.photos.vin/WBY13HG09SCT67334-1.jpg,https://www.carfax.com/VehicleHistory/p/Report.cfx?vin=WBY13HG09SCT67334&partner=FRD_2,47.31236,-122.22659,1728
2026-08-23,bmw-i5-m60,Chicago,WBY43FK0XRCP79863,2024,M60,50163,50370,The Car Haus,Roselle,IL,2026-08-19,https://www.autolist.com/bmw-i5#vin=WBY43FK0XRCP79863,84100,Gray,,1,0,Personal Use,https://retail.photos.vin/WBY43FK0XRCP79863-1.jpg,https://www.carfax.com/VehicleHistory/p/Report.cfx?vin=WBY43FK0XRCP79863&partner=FRD_2,41.96476,-88.10308,25
2026-08-23,bmw-i5-m60,National,WBY43FK01RCP14402,2024,M60,40585,54338,BMW of Westlake,Westlake,OH,2026-08-09,https://www.carfax.com/vehicle/WBY43FK01RCP14402,84100,Gray,,2,1,Multiple Use,https://retail.photos.vin/WBY43FK01RCP14402-1.jpg,https://www.carfax.com/VehicleHistory/p/Report.cfx?vin=WBY43FK01RCP14402&partner=FRD_2,41.47538,-81.89453,214
2026-08-23,bmw-i5-m60,National,WBY43FK03RCR83131,2024,M60,21593,58499,Porsche of Nashville,Brentwood,TN,2026-08-16,https://www.autolist.com/bmw-i5#vin=WBY43FK03RCR83131,84100,Black,,2,0,Personal Use,https://retail.photos.vin/WBY43FK03RCR83131-1.jpg,https://www.carfax.com/VehicleHistory/p/Report.cfx?vin=WBY43FK03RCR83131&partner=FRD_2,35.9757,-86.80567,250
2026-08-23,bmw-i5-m60,Cincinnati,WBY43FK01RCP74017,2024,M60,15922,59999,bmw of louisville,Louisville,KY,2026-08-09,https://louisvillebmw.com/used/BMW/2024-BMW-i5-bd45b607ac1843b4d08f34f9e523ee19.htm,,Dark Graphite Metallic,,1,1,Personal Use,https://retail.photos.vin/WBY43FK01RCP74017-1.jpg,https://www.carfax.com/VehicleHistory/p/Report.cfx?vin=WBY43FK01RCP74017&partner=FRD_2,38.21223,-85.54008,83
2026-08-23,bmw-i5-m60,National,WBY43FK02RCP34965,2024,M60,32126,60866,bmw of creve coeur,Creve Coeur,MO,2026-08-09,https://bmwofcrevecoeur.com/certified/BMW/2024-BMW-i5-982d400cac180aac8449eac67c2ee057.htm,,Black Sapphire Metallic,1,1,1,Personal Use,https://retail.photos.vin/WBY43FK02RCP34965-1.jpg,https://www.carfax.com/VehicleHistory/p/Report.cfx?vin=WBY43FK02RCP34965&partner=FRD_2,38.66942,-90.4463,242
2026-08-23,bmw-i5-m60,Chicago,WBY43FK07RCP40096,2024,M60,31496,60954,Bill Jacobs BMW,Naperville,IL,2026-08-09,https://www.carfax.com/vehicle/WBY43FK07RCP40096,84100,Gray,,1,0,Corporate Use,https://retail.photos.vin/WBY43FK07RCP40096-1.jpg,https://www.carfax.com/VehicleHistory/p/Report.cfx?vin=WBY43FK07RCP40096&partner=FRD_2,41.76429,-88.19489,31
2026-08-23,bmw-i5-m60,Chicago,WBY43FK06RCP40106,2024,M60,26804,61884,BMW of Elmhurst,Elmhurst,IL,2026-08-06,https://www.autolist.com/bmw-i5#vin=WBY43FK06RCP40106,84100,Gray,,1,0,Personal Use,https://retail.photos.vin/WBY43FK06RCP40106-1.jpg,https://www.carfax.com/VehicleHistory/p/Report.cfx?vin=WBY43FK06RCP40106&partner=FRD_2,41.91871,-87.95632,17
2026-08-23,bmw-i5-m60,Chicago,WBY43FK09RCP40097,2024,M60,23652,61954,Bill Jacobs BMW,Naperville,IL,2026-08-09,https://www.carfax.com/vehicle/WBY43FK09RCP40097,84100,Black,,1,0,Personal Use,https://retail.photos.vin/WBY43FK09RCP40097-1.jpg,https://www.carfax.com/VehicleHistory/p/Report.cfx?vin=WBY43FK09RCP40097&partner=FRD_2,41.76429,-88.19489,31
2026-08-23,bmw-i5-m60,Chicago,WBY43FK01RCP12942,2024,M60,19116,62357,Ultimo Motors NorthShore,Northbrook,IL,2026-07-15,https://www.autolist.com/bmw-i5#vin=WBY43FK01RCP12942,84100,Black,,,,,https://retail.photos.vin/WBY43FK01RCP12942-1.jpg,https://www.carfax.com/VehicleHistory/p/Report.cfx?vin=WBY43FK01RCP12942&partner=FRD_2,42.10139,-87.82596,18
2026-08-23,bmw-i5-m60,Chicago,WBY43FK07RCP82428,2024,M60,11324,62367,Fields BMW Northfield,Northfield,IL,2026-08-09,https://www.carfax.com/vehicle/WBY43FK07RCP82428,84100,Black,,1,0,Personal Use,https://retail.photos.vin/WBY43FK07RCP82428-1.jpg,https://www.carfax.com/VehicleHistory/p/Report.cfx?vin=WBY43FK07RCP82428&partner=FRD_2,42.11024,-87.77515,17
2026-08-23,bmw-i5-m60,National,WBY43FK01RCR03812,2024,M60,19656,62490,BMW of Sewickley,Sewickley,PA,2026-08-13,https://www.carfax.com/vehicle/WBY43FK01RCR03812,84100,Gray,,1,1,Personal Use,https://retail.photos.vin/WBY43FK01RCR03812-1.jpg,https://www.carfax.com/VehicleHistory/p/Report.cfx?vin=WBY43FK01RCR03812&partner=FRD_2,40.53549,-80.18452,250
2026-08-23,bmw-i5-m60,Chicago,WBY43FK07RCR00896,2024,M60,17988,63352,Star Auto Works,Downers Grove,IL,2026-08-09,https://www.carfax.com/vehicle/WBY43FK07RCR00896,84100,White,,1,0,Personal Use,https://retail.photos.vin/WBY43FK07RCR00896-1.jpg,https://www.carfax.com/VehicleHistory/p/Report.cfx?vin=WBY43FK07RCR00896&partner=FRD_2,41.80861,-88.02662,21
2026-08-23,bmw-i5-m60,Chicago,WBY43FK02RCR12518,2024,M60,23454,65398,Zimbrick BMW,Madison,WI,2026-08-09,https://www.bmwofmadison.com/used-Madison-2024-BMW-i5-M60-WBY43FK02RCR12518,84100,Gray,,1,0,Personal Use,https://retail.photos.vin/WBY43FK02RCR12518-1.jpg,https://www.carfax.com/VehicleHistory/p/Report.cfx?vin=WBY43FK02RCR12518&partner=FRD_2,43.04035,-89.38354,120
2026-08-23,bmw-i5-m60,Cincinnati,WBY43FK04RCR40756,2024,M60,5983,66189,HyperCars LLC,New Albany,IN,2026-08-09,https://www.carfax.com/vehicle/WBY43FK04RCR40756,84100,Red,,1,0,Personal Use,https://retail.photos.vin/WBY43FK04RCR40756-1.jpg,https://www.carfax.com/VehicleHistory/p/Report.cfx?vin=WBY43FK04RCR40756&partner=FRD_2,38.29006,-85.81132,90
2026-08-23,bmw-i5-m60,Cincinnati,WBY43FK08SCU82502,2025,M60,25165,67148,The BMW Store,Cincinnati,OH,2026-08-09,https://www.carfax.com/vehicle/WBY43FK08SCU82502,84100,Gray,,0,1,Vehicle Use,https://retail.photos.vin/WBY43FK08SCU82502-1.jpg,https://www.carfax.com/VehicleHistory/p/Report.cfx?vin=WBY43FK08SCU82502&partner=FRD_2,39.17945,-84.39597,8
2026-08-23,bmw-i5-m60,Chicago,WBY43FK00RCR87752,2024,M60,15920,67398,Zimbrick BMW,Madison,WI,2026-08-09,https://www.bmwofmadison.com/used-Madison-2024-BMW-i5-M60-WBY43FK00RCR87752,84100,Black,,2,1,Multiple Use,https://retail.photos.vin/WBY43FK00RCR87752-1.jpg,https://www.carfax.com/VehicleHistory/p/Report.cfx?vin=WBY43FK00RCR87752&partner=FRD_2,43.04035,-89.38354,120
2026-08-23,bmw-i5-m60,National,WBY43FK03RCR45219,2024,M60,13399,48995,boston foreign motor,Allston,MA,2026-08-20,https://bostonforeignmotor.com/used/BMW/2024-BMW-i5-d285e603ac182ab4c93744180d2b5d81.htm,,MINERAL WHITE METALLIC,,1,0,Personal Use,https://retail.photos.vin/WBY43FK03RCR45219-1.jpg,https://www.carfax.com/VehicleHistory/p/Report.cfx?vin=WBY43FK03RCR45219&partner=FRD_2,42.35328,-71.13889,734
2026-08-23,bmw-i5-m60,National,WBY43FK02RCP20158,2024,M60,45626,49985,Fast Track Motors,Paterson,NJ,2026-08-06,https://www.autolist.com/bmw-i5#vin=WBY43FK02RCP20158,84100,White,,1,0,Personal Use,https://retail.photos.vin/WBY43FK02RCP20158-1.jpg,https://www.carfax.com/VehicleHistory/p/Report.cfx?vin=WBY43FK02RCP20158&partner=FRD_2,40.92353,-74.14291,563
2026-08-23,bmw-i5-m60,National,WBY43FK08RCR59679,2024,M60,31810,53325,quakertown mitsubishi,Quakertown,PA,2026-08-09,https://quakertownmitsubishi.com/used/BMW/2024-BMW-i5-caee8083ac184b0aa8ca50254f7f5dcd.htm,,Mineral White Metallic,,1,0,Personal Use,https://retail.photos.vin/WBY43FK08RCR59679-1.jpg,https://www.carfax.com/VehicleHistory/p/Report.cfx?vin=WBY43FK08RCR59679&partner=FRD_2,40.43006,-74.51813,538
2026-08-23,bmw-i5-m60,National,WBY43FK02RCP56898,2024,M60,48806,54921,BMW of Downtown LA,Los Angeles,CA,2026-08-14,https://www.autolist.com/bmw-i5#vin=WBY43FK02RCP56898,84100,Black Sapphire Metallic,,1,1,Lease,https://retail.photos.vin/WBY43FK02RCP56898-1.jpg,https://www.carfax.com/VehicleHistory/p/Report.cfx?vin=WBY43FK02RCP56898&partner=FRD_2,33.97422,-118.24868,1746
2026-08-23,bmw-i5-m60,National,WBY43FK03RCP52259,2024,M60,28301,55087,Acura of Peoria,Peoria,AZ,2026-07-23,https://www.berkshirehathawayautomotive.com/catcher.esl?vin=WBY43FK03RCP52259&atc_ownerid=autolist&utm_source=autolist&utm_medium=referral&utm_campaign=vdp_deep_link,84100,Alpine White,,2,0,Lease,https://retail.photos.vin/WBY43FK03RCP52259-1.jpg,https://www.carfax.com/VehicleHistory/p/Report.cfx?vin=WBY43FK03RCP52259&partner=FRD_2,33.63817,-112.25537,1455
2026-08-23,bmw-i5-m60,National,WBY43FK01RCR02403,2024,M60,33576,55784,bmw of rockville,Rockville,MD,2026-08-15,https://bmwrockville.com/used/BMW/2024-BMW-i5-01cb9442ac1807716d188b7f82bd9867.htm,,Phytonic Blue Metallic,,1,0,Personal Use,https://retail.photos.vin/WBY43FK01RCR02403-1.jpg,https://www.carfax.com/VehicleHistory/p/Report.cfx?vin=WBY43FK01RCR02403&partner=FRD_2,39.411,-76.617,423
2026-08-23,bmw-i5-m60,National,WBY43FK00RCR21850,2024,M60,49520,55990,Habberstad Kia,Huntington,NY,2026-08-03,https://www.autolist.com/bmw-i5#vin=WBY43FK00RCR21850,84100,Blue,,1,0,Personal Use,https://retail.photos.vin/WBY43FK00RCR21850-1.jpg,https://www.carfax.com/VehicleHistory/p/Report.cfx?vin=WBY43FK00RCR21850&partner=FRD_2,40.83291,-73.33917,603
2026-08-23,bmw-i5-m60,National,WBY43FK06RCP53728,2024,M60,35547,55991,hendrick chrysler dodge jeep ram fiat wilmington,Wilmington,NC,2026-08-09,https://hendrickjeepwilmington.com/certified/BMW/2024-BMW-i5-wilmington-013299bbac181809f12ccca6c1efce08.htm,,,1,,,,https://retail.photos.vin/WBY43FK06RCP53728-1.jpg,https://www.carfax.com/VehicleHistory/p/Report.cfx?vin=WBY43FK06RCP53728&partner=FRD_2,0.0,0.0,5924
2026-08-23,bmw-i5-m60,National,WBY43FK03RCN91315,2024,M60,32948,56004,BMW of Pompano Beach,Pompano Beach,FL,2026-08-09,https://www.carfax.com/vehicle/WBY43FK03RCN91315,84100,Blue,,1,0,Personal Use,https://retail.photos.vin/WBY43FK03RCN91315-1.jpg,https://www.carfax.com/VehicleHistory/p/Report.cfx?vin=WBY43FK03RCN91315&partner=FRD_2,26.23853,-80.1022,925
2026-08-23,bmw-i5-m60,National,WBY43FK05RCR42158,2024,M60,15942,56563,Audi Bakersfield,Bakersfield,CA,2026-08-09,https://www.carfax.com/vehicle/WBY43FK05RCR42158,84100,Black,,1,0,Personal Use,https://retail.photos.vin/WBY43FK05RCR42158-1.jpg,https://www.carfax.com/VehicleHistory/p/Report.cfx?vin=WBY43FK05RCR42158&partner=FRD_2,35.30018,-119.03813,1746
2026-08-23,bmw-i5-m60,National,WBY43FK07RCN81077,2024,M60,34668,56788,johnson lexus of durham,Durham,NC,2026-08-19,https://johnsonlexusdurham.com/used/BMW/2024-BMW-i5-1af18a56ac1840bc3dde7e433ebc2364.htm,,Mineral White Metallic,,2,0,Multiple Use,https://retail.photos.vin/WBY43FK07RCN81077-1.jpg,https://www.carfax.com/VehicleHistory/p/Report.cfx?vin=WBY43FK07RCN81077&partner=FRD_2,35.90573,-78.95457,376
2026-08-23,bmw-i5-m60,National,WBY43FK03RCR97028,2024,M60,42061,56811,hendrick chrysler dodge jeep ram fiat wilmington,Wilmington,NC,2026-08-01,https://hendrickjeepwilmington.com/certified/BMW/2024-BMW-i5-wilmington-ba211d5dac1829477e81ca703e5456b9.htm,,Black,1,,,,https://retail.photos.vin/WBY43FK03RCR97028-1.jpg,https://www.carfax.com/VehicleHistory/p/Report.cfx?vin=WBY43FK03RCR97028&partner=FRD_2,37.7002,-121.876,1829
2026-08-23,bmw-i5-m60,National,WBY43FK05RCR34416,2024,M60,13647,56985,california motors direct montclair,Montclair,CA,2026-08-13,https://www.iemotorsdirect.com/pre-owned-cars/detail/x/1565352,,Black Sapphire Metallic,,2,1,Personal Use,https://retail.photos.vin/WBY43FK05RCR34416-1.jpg,https://www.carfax.com/VehicleHistory/p/Report.cfx?vin=WBY43FK05RCR34416&partner=FRD_2,33.76877,-117.85079,1732
2026-08-23,bmw-i5-m60,National,WBY43FK01RCR47213,2024,M60,9063,57490,Diplomat Motors Inc,Troutdale,OR,2026-08-09,https://www.carfax.com/vehicle/WBY43FK01RCR47213,84100,Black,,2,1,Personal Use,https://retail.photos.vin/WBY43FK01RCR47213-1.jpg,https://www.carfax.com/VehicleHistory/p/Report.cfx?vin=WBY43FK01RCR47213&partner=FRD_2,45.51971,-122.40768,1742
2026-08-23,bmw-i5-m60,National,WBY43FK06RCP07073,2024,M60,26831,57500,Maserati of Monmouth,OCEAN,NJ,2026-08-09,https://www.carfax.com/vehicle/WBY43FK06RCP07073,84100,Black,,1,0,Personal Use,https://retail.photos.vin/WBY43FK06RCP07073-1.jpg,https://www.carfax.com/VehicleHistory/p/Report.cfx?vin=WBY43FK06RCP07073&partner=FRD_2,40.23139,-74.03835,562
2026-08-23,bmw-i5-m60,National,WBY43FK04RCR90945,2024,M60,28742,57885,Universal Mitsubishi,Sherman Oaks,CA,2026-08-09,https://www.carfax.com/vehicle/WBY43FK04RCR90945,84100,Black,,1,0,Personal Use,https://retail.photos.vin/WBY43FK04RCR90945-1.jpg,https://www.carfax.com/VehicleHistory/p/Report.cfx?vin=WBY43FK04RCR90945&partner=FRD_2,34.16823,-118.44892,1750
2026-08-23,bmw-i5-m60,National,WBY43FK05RCP78684,2024,M60,28941,58293,BMW of Pembroke Pines,Pembroke Pines,FL,2026-05-29,https://www.autolist.com/bmw-i5#vin=WBY43FK05RCP78684,84100,Gray,,,,,https://retail.photos.vin/WBY43FK05RCP78684-1.jpg,https://www.carfax.com/VehicleHistory/p/Report.cfx?vin=WBY43FK05RCP78684&partner=FRD_2,26.05975,-80.36751,933
2026-08-23,bmw-i5-m60,National,WBY43FK08RCR09560,2024,M60,25049,58299,Ever Cars Costa Mesa,Costa Mesa,CA,2026-06-10,https://www.autolist.com/bmw-i5#vin=WBY43FK08RCR09560,84100,Tanzanite Blue II Metallic,,1,0,Lease,https://retail.photos.vin/WBY43FK08RCR09560-1.jpg,https://www.carfax.com/VehicleHistory/p/Report.cfx?vin=WBY43FK08RCR09560&partner=FRD_2,33.67871,-117.90717,1738
2026-08-23,bmw-i4-edrive35,Chicago,WBY43AW06PFP49221,2023,eDrive35,38846,28167,High Line Auto Sales,Willowbrook,IL,2026-08-15,https://www.carfax.com/vehicle/WBY43AW06PFP49221,51400,Black,,2,0,Personal Use,https://retail.photos.vin/WBY43AW06PFP49221-1.jpg,https://www.carfax.com/VehicleHistory/p/Report.cfx?vin=WBY43AW06PFP49221&partner=FRD_2,41.74945,-87.93643,19
2026-08-23,bmw-i4-edrive35,Chicago,WBY43AW00PFP49845,2023,eDrive35,36224,28866,Gravity Autos Chicago,Highland Park,IL,2026-08-15,https://www.gravityautoschicago.com/inventory/2023-bmw-i4-edrive35-WBY43AW00PFP49845,51400,Black,,2,0,Personal Use,https://retail.photos.vin/WBY43AW00PFP49845-1.jpg,https://www.carfax.com/VehicleHistory/p/Report.cfx?vin=WBY43AW00PFP49845&partner=FRD_2,42.20311,-87.83539,25
2026-08-23,bmw-i4-edrive35,Indianapolis,WBY43AW02PFP85925,2023,eDrive35,40858,29000,unlimited motors,Elwood,IN,2026-08-09,https://www.indysunlimitedmotors.com/pre-owned-cars/detail/x/1530839,,Gray Metallic,,1,0,Personal Use,https://retail.photos.vin/WBY43AW02PFP85925-1.jpg,https://www.carfax.com/VehicleHistory/p/Report.cfx?vin=WBY43AW02PFP85925&partner=FRD_2,40.04452,-86.18488,19
2026-08-23,bmw-i4-edrive35,Indianapolis,WBY43AW09PFP57135,2023,eDrive35,45911,29064,AutoGiant USA,Indianapolis,IN,2026-08-09,https://www.carfax.com/vehicle/WBY43AW09PFP57135,51400,Gray,,2,0,Personal Use,https://retail.photos.vin/WBY43AW09PFP57135-1.jpg,https://www.carfax.com/VehicleHistory/p/Report.cfx?vin=WBY43AW09PFP57135&partner=FRD_2,39.85046,-86.12362,6
2026-08-23,bmw-i4-edrive35,National,WBY43AW06PFR31730,2023,eDrive35,21555,29998,mercedes benz of nashville,Franklin,TN,2026-08-09,https://mercedesbenzofnashville.com/used/BMW/2023-BMW-i4-near-Nashville-a4bf30bdac1809a22d742423732ce4a9.htm,,Alpine White,,1,1,Personal Use,https://retail.photos.vin/WBY43AW06PFR31730-1.jpg,https://www.carfax.com/VehicleHistory/p/Report.cfx?vin=WBY43AW06PFR31730&partner=FRD_2,35.97981,-86.80433,250
2026-08-23,bmw-i4-edrive35,National,WBY43AW03PFR41213,2023,eDrive35,43508,30214,mercedes benz of columbia,Columbia,MO,2026-08-21,https://columbiamercedesbenz.com/certified/BMW/2023-BMW-i4-1f4b08e3ac180771c28b0c0ef75aa888.htm,,Skyscraper Gray Metallic,1,1,0,Personal Use,https://retail.photos.vin/WBY43AW03PFR41213-1.jpg,https://www.carfax.com/VehicleHistory/p/Report.cfx?vin=WBY43AW03PFR41213&partner=FRD_2,38.96622,-92.36728,321
2026-08-23,bmw-i4-edrive35,Chicago,WBY43AW09PFP42974,2023,eDrive35,24603,30995,baha auto group palos hills,Palos Hills,IL,2026-08-09,https://www.bahaautopalos.com/pre-owned-cars/detail/x/1515481,,Black Sapphire Metallic,,1,1,Personal Use,https://retail.photos.vin/WBY43AW09PFP42974-1.jpg,https://www.carfax.com/VehicleHistory/p/Report.cfx?vin=WBY43AW09PFP42974&partner=FRD_2,41.69187,-87.80849,16
2026-08-23,bmw-i4-edrive35,National,WBY43AW04PFP41571,2023,eDrive35,26399,31000,Hendersonville Auto Brokers,Hendersonville,TN,2026-04-04,https://www.autolist.com/bmw-i4#vin=WBY43AW04PFP41571,51400,Black,,,,,https://retail.photos.vin/WBY43AW04PFP41571-1.jpg,https://www.carfax.com/VehicleHistory/p/Report.cfx?vin=WBY43AW04PFP41571&partner=FRD_2,36.30262,-86.63612,226
2026-08-23,bmw-i4-edrive35,National,WBY43AW02PFP81714,2023,eDrive35,40279,31497,bmw certified pre owned nashville,Nashville,TN,2026-08-12,https://bmwofnashville.com/certified/BMW/2023-BMW-i4-nashville-TN-ecc86f73ac18099670a9b7d528024e53.htm,,Mineral White Metallic,1,2,0,Multiple Use,https://retail.photos.vin/WBY43AW02PFP81714-1.jpg,https://www.carfax.com/VehicleHistory/p/Report.cfx?vin=WBY43AW02PFP81714&partner=FRD_2,36.10482,-86.76079,241
2026-08-23,bmw-i4-edrive35,Chicago,WBY43AW00PFP51112,2023,eDrive35,27233,32412,BMW of Barrington,Barrington,IL,2026-08-09,https://www.carfax.com/vehicle/WBY43AW00PFP51112,51400,White,,1,1,Personal Use,https://retail.photos.vin/WBY43AW00PFP51112-1.jpg,https://www.carfax.com/VehicleHistory/p/Report.cfx?vin=WBY43AW00PFP51112&partner=FRD_2,42.12911,-88.13525,31
2026-08-23,bmw-i4-edrive35,Cincinnati,WBY43AW03PFR46976,2023,eDrive35,34617,32480,BMW of Cincinnati North,Cincinnati,OH,2026-07-30,https://www.autolist.com/bmw-i4#vin=WBY43AW03PFR46976,51400,Mineral White Metallic,1,1,0,Lease,https://retail.photos.vin/WBY43AW03PFR46976-1.jpg,https://www.carfax.com/VehicleHistory/p/Report.cfx?vin=WBY43AW03PFR46976&partner=FRD_2,39.28775,-84.47093,13
2026-08-23,bmw-i4-edrive35,National,WBY43AW02PFP86136,2023,eDrive35,13345,32490,Empire Auto Collection Inc,Warren,MI,2026-08-09,https://www.carfax.com/vehicle/WBY43AW02PFP86136,51400,Green,,1,0,Personal Use,https://retail.photos.vin/WBY43AW02PFP86136-1.jpg,https://www.carfax.com/VehicleHistory/p/Report.cfx?vin=WBY43AW02PFP86136&partner=FRD_2,42.45617,-83.08334,236
2026-08-23,bmw-i4-edrive35,National,WBY43AW02PFR09773,2023,eDrive35,46277,32500,BMW of Rochester Hills,Shelby Township,MI,2026-08-09,https://www.carfax.com/vehicle/WBY43AW02PFR09773,51400,White,,1,0,Personal Use,https://retail.photos.vin/WBY43AW02PFR09773-1.jpg,https://www.carfax.com/VehicleHistory/p/Report.cfx?vin=WBY43AW02PFR09773&partner=FRD_2,42.62812,-83.09081,237
2026-08-23,bmw-i4-edrive35,Cincinnati,WBY43AW03PFP99090,2023,eDrive35,26988,32676,yark bmw,Toledo,OH,2026-08-09,https://bmwoftoledo.com/used/BMW/2023-BMW-i4-aaffa91eac18477fe6a8802594a15b6c.htm,,Gray,,1,0,Personal Use,https://retail.photos.vin/WBY43AW03PFP99090-1.jpg,https://www.carfax.com/VehicleHistory/p/Report.cfx?vin=WBY43AW03PFP99090&partner=FRD_2,41.67435,-83.72531,182
2026-08-23,bmw-i4-edrive35,National,WBY43AW07RFR52606,2024,eDrive35,30489,32798,BMW MINI of Nashville,Brentwood,TN,2026-08-15,https://bmwofnashville.com/certified/BMW/2024-BMW-i4-nashville-TN-012d8b3cac180512e887ce9ccc3d4e33.htm,52200,Gray,,1,0,Personal Use,https://retail.photos.vin/WBY43AW07RFR52606-1.jpg,https://www.carfax.com/VehicleHistory/p/Report.cfx?vin=WBY43AW07RFR52606&partner=FRD_2,35.97981,-86.80433,250
2026-08-23,bmw-i4-edrive35,Indianapolis,WBY43AW07PFR40145,2023,eDrive35,29423,32899,Fishers Imports,Fishers,IN,2026-08-08,https://www.fishersimports.com/inventory/2023-bmw-i4-edrive35-WBY43AW07PFR40145,51400,White,,1,0,Personal Use,https://retail.photos.vin/WBY43AW07PFR40145-1.jpg,https://www.carfax.com/VehicleHistory/p/Report.cfx?vin=WBY43AW07PFR40145&partner=FRD_2,39.97193,-86.0007,16
2026-08-23,bmw-i4-edrive35,Chicago,WBY43AW02PFR46368,2023,eDrive35,27434,32900,Perillo BMW,Chicago,IL,2026-07-29,https://www.autolist.com/bmw-i4#vin=WBY43AW02PFR46368,51400,White,1,,,,https://retail.photos.vin/WBY43AW02PFR46368-1.jpg,https://www.carfax.com/VehicleHistory/p/Report.cfx?vin=WBY43AW02PFR46368&partner=FRD_2,41.905,-87.63449,1
2026-08-23,bmw-i4-edrive35,Chicago,WBY43AW00PFP70839,2023,eDrive35,11792,33064,iDrive Motor Sports Inc,Berwyn,IL,2026-08-09,https://www.idrivechicago.com/viewdetails/used/wby43aw00pfp70839/2023-bmw-i4-hatchback?type=finance,51400,White,,1,1,Personal Use,https://retail.photos.vin/WBY43AW00PFP70839-1.jpg,https://www.carfax.com/VehicleHistory/p/Report.cfx?vin=WBY43AW00PFP70839&partner=FRD_2,41.82938,-87.7871,9
2026-08-23,bmw-i4-edrive35,Indianapolis,WBY43AW02PFR15962,2023,eDrive35,24500,33064,AutoGiant USA,Indianapolis,IN,2026-08-09,https://www.carfax.com/vehicle/WBY43AW02PFR15962,51400,Blue,,1,1,Personal Use,https://retail.photos.vin/WBY43AW02PFR15962-1.jpg,https://www.carfax.com/VehicleHistory/p/Report.cfx?vin=WBY43AW02PFR15962&partner=FRD_2,39.85046,-86.12362,6
2026-08-23,bmw-i4-edrive35,Chicago,WBY43AW02PFR35368,2023,eDrive35,27538,33187,BMW of Milwaukee North,Milwaukee,WI,2026-08-22,https://www.carfax.com/vehicle/WBY43AW02PFR35368,51400,Gray,,1,0,Personal Use,https://retail.photos.vin/WBY43AW02PFR35368-1.jpg,https://www.carfax.com/VehicleHistory/p/Report.cfx?vin=WBY43AW02PFR35368&partner=FRD_2,43.12589,-87.93426,87
2026-08-23,bmw-i4-edrive35,National,WBY43AW07PFP99612,2023,eDrive35,29242,21188,Certified Auto Group,Hempstead,NY,2026-08-13,https://www.autolist.com/bmw-i4#vin=WBY43AW07PFP99612,51400,Black Sapphire Metallic,,1,1,Lease,https://retail.photos.vin/WBY43AW07PFP99612-1.jpg,https://www.carfax.com/VehicleHistory/p/Report.cfx?vin=WBY43AW07PFP99612&partner=FRD_2,40.66833,-73.71291,582
2026-08-23,bmw-i4-edrive35,National,WBY43AW04PFR32309,2023,eDrive35,40385,22588,Certified Auto Group,Hempstead,NY,2026-08-09,https://www.carfax.com/vehicle/WBY43AW04PFR32309,51400,Alpine White,,1,0,Lease,https://retail.photos.vin/WBY43AW04PFR32309-1.jpg,https://www.carfax.com/VehicleHistory/p/Report.cfx?vin=WBY43AW04PFR32309&partner=FRD_2,40.71693,-73.6284,587
2026-08-23,bmw-i4-edrive35,National,WBY43AW01PFP64774,2023,eDrive35,34155,22588,Certified Performance Motors,Valley Stream,NY,2026-08-09,https://www.carfax.com/vehicle/WBY43AW01PFP64774,51400,Mineral White Metallic,,1,0,Lease,https://retail.photos.vin/WBY43AW01PFP64774-1.jpg,https://www.carfax.com/VehicleHistory/p/Report.cfx?vin=WBY43AW01PFP64774&partner=FRD_2,40.66833,-73.71291,582
2026-08-23,bmw-i4-edrive35,National,WBY43AW04PF746432,2023,eDrive35,40622,22871,Certified Performance Motors,Valley Stream,NY,2026-08-09,https://www.carfax.com/vehicle/WBY43AW04PF746432,51400,Alpine White,,0,0,Personal Use,https://retail.photos.vin/WBY43AW04PF746432-1.jpg,https://www.carfax.com/VehicleHistory/p/Report.cfx?vin=WBY43AW04PF746432&partner=FRD_2,40.66833,-73.71291,582
2026-08-23,bmw-i4-edrive35,National,WBY43AW06PFR32649,2023,eDrive35,96460,23899,ADG Motorsorts,Roswell,GA,2026-07-29,https://www.autolist.com/bmw-i4#vin=WBY43AW06PFR32649,51400,Red,,,,,https://retail.photos.vin/WBY43AW06PFR32649-1.jpg,https://www.carfax.com/VehicleHistory/p/Report.cfx?vin=WBY43AW06PFR32649&partner=FRD_2,34.05311,-84.38746,349
2026-08-23,bmw-i4-edrive35,National,WBY43AW09PFP98719,2023,eDrive35,52121,23995,import masters,Great Neck,NY,2026-08-09,https://importmastersusa.net/electric-used/BMW/2023-BMW-i4-150dca45ac18441db98290cf0fc730d3.htm,,White,,1,0,Personal Use,https://retail.photos.vin/WBY43AW09PFP98719-1.jpg,https://www.carfax.com/VehicleHistory/p/Report.cfx?vin=WBY43AW09PFP98719&partner=FRD_2,40.77737,-73.72702,583
2026-08-23,bmw-i4-edrive35,National,WBY43AW04PFP83786,2023,eDrive35,73528,24499,Florida Fine Cars Orlando,Orlando,FL,2026-08-11,https://www.carfax.com/vehicle/WBY43AW04PFP83786,51400,Black Sapphire Metallic,,1,0,Lease,https://retail.photos.vin/WBY43AW04PFP83786-1.jpg,https://www.carfax.com/VehicleHistory/p/Report.cfx?vin=WBY43AW04PFP83786&partner=FRD_2,28.48138,-81.39784,755
2026-08-23,bmw-i4-edrive35,National,WBY43AW09PFR31852,2023,eDrive35,67829,24900,Automall Collection,Peabody,MA,2026-08-09,https://www.carfax.com/vehicle/WBY43AW09PFR31852,51400,Jet Black,,1,0,Lease,https://retail.photos.vin/WBY43AW09PFR31852-1.jpg,https://www.carfax.com/VehicleHistory/p/Report.cfx?vin=WBY43AW09PFR31852&partner=FRD_2,42.54502,-70.94454,747
2026-08-23,bmw-i4-edrive35,National,WBY43AW0XPFR38955,2023,eDrive35,31478,25000,Atlanta Best Used Cars,Norcross,GA,2026-08-14,https://www.autolist.com/bmw-i4#vin=WBY43AW0XPFR38955,51400,Mineral White Metallic,,1,1,Lease,https://retail.photos.vin/WBY43AW0XPFR38955-1.jpg,https://www.carfax.com/VehicleHistory/p/Report.cfx?vin=WBY43AW0XPFR38955&partner=FRD_2,33.95141,-84.19581,356
2026-08-23,bmw-i4-edrive35,National,WBY43AW00PFR13014,2023,eDrive35,57817,25675,excel auto lounge,East Windsor,NJ,2026-08-09,https://www.excelautolounge.com/used-cars/2023-bmw-i4-edrive35-WBY43AW00PFR13014,,White,,1,1,Personal Use,https://retail.photos.vin/WBY43AW00PFR13014-1.jpg,https://www.carfax.com/VehicleHistory/p/Report.cfx?vin=WBY43AW00PFR13014&partner=FRD_2,40.26648,-74.54288,536
2026-08-23,bmw-i4-edrive35,National,WBY43AW01PFR16603,2023,eDrive35,61562,25973,Marin Honda,San Rafael,CA,2026-08-09,https://www.carfax.com/vehicle/WBY43AW01PFR16603,51400,White,,1,1,Personal Use,https://retail.photos.vin/WBY43AW01PFR16603-1.jpg,https://www.carfax.com/VehicleHistory/p/Report.cfx?vin=WBY43AW01PFR16603&partner=FRD_2,37.95057,-122.49397,1855
2026-08-23,bmw-i4-edrive35,National,WBY43AW0XPFR39975,2023,eDrive35,31999,26001,AutoSavvy - Woods Cross,Woods Cross,UT,2026-08-11,https://www.autolist.com/bmw-i4#vin=WBY43AW0XPFR39975,51400,Jet Black,,1,0,Lease,https://retail.photos.vin/WBY43AW0XPFR39975-1.jpg,https://www.carfax.com/VehicleHistory/p/Report.cfx?vin=WBY43AW0XPFR39975&partner=FRD_2,40.91482,-111.94879,1258
2026-08-23,bmw-i4-edrive35,National,WBY43AW06PFP97284,2023,eDrive35,67153,26195,Florida Fine Cars,Miami,FL,2026-08-13,https://www.carfax.com/vehicle/WBY43AW06PFP97284,51400,Black Sapphire Metallic,,1,0,Lease,https://retail.photos.vin/WBY43AW06PFP97284-1.jpg,https://www.carfax.com/VehicleHistory/p/Report.cfx?vin=WBY43AW06PFP97284&partner=FRD_2,25.97021,-80.20454,941
2026-08-23,bmw-i4-edrive35,National,WBY43AW08PFR31101,2023,eDrive35,72198,26378,BMW of Delray Beach,Delray Beach,FL,2026-08-09,https://autonationtoyotaweston.com/used/BMW/2023-BMW-i4-ce7d40aeac1838835887ea3d7954251d.htm,51400,Jet Black,,1,0,Lease,https://retail.photos.vin/WBY43AW08PFR31101-1.jpg,https://www.carfax.com/VehicleHistory/p/Report.cfx?vin=WBY43AW08PFR31101&partner=FRD_2,26.441,-80.087,912
2026-08-23,bmw-i4-edrive35,National,WBY43AW05PFR31928,2023,eDrive35,44556,26500,Green Light Auto Wholesale,Daly City,CA,2026-08-19,https://www.autolist.com/bmw-i4#vin=WBY43AW05PFR31928,51400,Jet Black,,1,0,Lease,https://retail.photos.vin/WBY43AW05PFR31928-1.jpg,https://www.carfax.com/VehicleHistory/p/Report.cfx?vin=WBY43AW05PFR31928&partner=FRD_2,37.68854,-122.46556,1860
2026-08-23,bmw-i4-edrive35,National,WBY43AW01PFR18951,2023,eDrive35,46786,26528,Karplus Warehouse Inc.,Pacoima,CA,2026-08-09,https://www.888karplus.com/used-Pacoima-2023-BMW-i4-eDrive35-WBY43AW01PFR18951,51400,Gray,,1,0,Personal Use,https://retail.photos.vin/WBY43AW01PFR18951-1.jpg,https://www.carfax.com/VehicleHistory/p/Report.cfx?vin=WBY43AW01PFR18951&partner=FRD_2,34.25349,-118.40932,1745
2026-08-23,bmw-i4-edrive35,National,WBY43AW02PFR39047,2023,eDrive35,70082,26628,Nalley BMW of Decatur,Decatur,GA,2026-08-09,https://nalleybmw.com/used/BMW/2023-BMW-i4-in-Atlanta-66813b41ac1850052f04d63625a3bf01.htm,51400,Mineral White Metallic,,1,0,Lease,https://retail.photos.vin/WBY43AW02PFR39047-1.jpg,https://www.carfax.com/VehicleHistory/p/Report.cfx?vin=WBY43AW02PFR39047&partner=FRD_2,33.7939,-84.28452,367
2026-08-23,bmw-i4-edrive35,National,WBY43AW07PFR39075,2023,eDrive35,42241,26666,concord toyota,Concord,CA,2026-08-09,https://concordtoyota.com/used/BMW/2023-BMW-i4-d0d9ed02ac181f7423508e31a7b972a2.htm,,Mineral White Metallic,,1,0,Personal Use,https://retail.photos.vin/WBY43AW07PFR39075-1.jpg,https://www.carfax.com/VehicleHistory/p/Report.cfx?vin=WBY43AW07PFR39075&partner=FRD_2,37.32375,-121.97793,1843
2026-08-23,bmw-i4-edrive35,National,WBY43AW09PFR27624,2023,eDrive35,57628,26890,BMW of Buena Park,Buena Park,CA,2026-08-09,https://bmwbuenapark.com/used/BMW/2023-BMW-i4-83696d8bac18221a7f70d51ec13124e2.htm,51400,Sunset Orange Metallic,,1,0,Lease,https://retail.photos.vin/WBY43AW09PFR27624-1.jpg,https://www.carfax.com/VehicleHistory/p/Report.cfx?vin=WBY43AW09PFR27624&partner=FRD_2,33.862,-117.989,1736
2026-08-23,bmw-i4-edrive35,National,WBY43AW06PFR21070,2023,eDrive35,44884,26985,California Motors Direct Montclair,Montclair,CA,2026-08-14,https://www.iemotorsdirect.com/pre-owned-cars/detail/x/1566162,51400,Black Sapphire Metallic,,1,0,Lease,https://retail.photos.vin/WBY43AW06PFR21070-1.jpg,https://www.carfax.com/VehicleHistory/p/Report.cfx?vin=WBY43AW06PFR21070&partner=FRD_2,34.06525,-117.68874,1714
2026-08-23,bmw-i4-edrive40,Chicago,WBY73AW06NFN13310,2022,eDrive40,49552,28371,"Hiller Ford, Inc.",Franklin,WI,2026-08-01,https://www.autolist.com/bmw-i4#vin=WBY73AW06NFN13310,55400,Gray,1,,,,https://retail.photos.vin/WBY73AW06NFN13310-1.jpg,https://www.carfax.com/VehicleHistory/p/Report.cfx?vin=WBY73AW06NFN13310&partner=FRD_2,42.927,-88.0485,75
2026-08-23,bmw-i4-edrive40,Chicago,WBY73AW03PFR27535,2023,eDrive40,18051,28630,Old Orchard Nissan,Skokie,IL,2026-04-16,https://www.autolist.com/bmw-i4#vin=WBY73AW03PFR27535,55900,Black,,,,,https://retail.photos.vin/WBY73AW03PFR27535-1.jpg,https://www.carfax.com/VehicleHistory/p/Report.cfx?vin=WBY73AW03PFR27535&partner=FRD_2,42.03499,-87.75654,12
2026-08-23,bmw-i4-edrive40,National,WBY73AW09PFN54338,2023,eDrive40,55187,32198,Meade Lexus of Southfield,Southfield,MI,2026-08-09,https://www.carfax.com/vehicle/WBY73AW09PFN54338,55900,White,,1,0,Personal Use,https://retail.photos.vin/WBY73AW09PFN54338-1.jpg,https://www.carfax.com/VehicleHistory/p/Report.cfx?vin=WBY73AW09PFN54338&partner=FRD_2,42.4972,-83.29658,225
2026-08-23,bmw-i4-edrive40,National,WBY73AW05PFR06640,2023,eDrive40,18316,33552,BMW of West St. Louis,Manchester,MO,2026-08-09,https://www.carfax.com/vehicle/WBY73AW05PFR06640,55900,Black,,1,0,Personal Use,https://retail.photos.vin/WBY73AW05PFR06640-1.jpg,https://www.carfax.com/VehicleHistory/p/Report.cfx?vin=WBY73AW05PFR06640&partner=FRD_2,38.59359,-90.5173,247
2026-08-23,bmw-i4-edrive40,National,WBY73AW09PFR37339,2023,eDrive40,23520,34875,napleton hyundai of hazelwood,Hazelwood,MO,2026-08-09,https://napletonhyundai.com/used/BMW/2023-BMW-i4-df2d9e2bac184a64f5d1c0fe6d83c71f.htm,,Alpine White,,1,0,Personal Use,https://retail.photos.vin/WBY73AW09PFR37339-1.jpg,https://www.carfax.com/VehicleHistory/p/Report.cfx?vin=WBY73AW09PFR37339&partner=FRD_2,38.78115,-90.3648,235
2026-08-23,bmw-i4-edrive40,National,WBY73AW08PFR12688,2023,eDrive40,16226,35097,North Coast Mitsubishi Cleveland West,Cleveland,OH,2026-08-09,https://www.carfax.com/vehicle/WBY73AW08PFR12688,55900,Gray,,1,1,Personal Use,https://retail.photos.vin/WBY73AW08PFR12688-1.jpg,https://www.carfax.com/VehicleHistory/p/Report.cfx?vin=WBY73AW08PFR12688&partner=FRD_2,41.41938,-81.7243,217
2026-08-23,bmw-i4-edrive40,Chicago,WBY73AW07PFP99767,2023,eDrive40,38044,35605,BMW of Ann Arbor,Ann Arbor,MI,2026-08-15,https://www.carfax.com/vehicle/WBY73AW07PFP99767,55900,Gray,,2,1,Multiple Use,https://retail.photos.vin/WBY73AW07PFP99767-1.jpg,https://www.carfax.com/VehicleHistory/p/Report.cfx?vin=WBY73AW07PFP99767&partner=FRD_2,42.28665,-83.8202,197
2026-08-23,bmw-i4-edrive40,Indianapolis,WBY73AW01PFR18008,2023,eDrive40,20047,35664,AutoGiant USA,Indianapolis,IN,2026-08-09,https://www.carfax.com/vehicle/WBY73AW01PFR18008,55900,Gray,,1,0,Personal Use,https://retail.photos.vin/WBY73AW01PFR18008-1.jpg,https://www.carfax.com/VehicleHistory/p/Report.cfx?vin=WBY73AW01PFR18008&partner=FRD_2,39.85046,-86.12362,6
2026-08-23,bmw-i4-edrive40,Chicago,WBY73AW0XPFP55021,2023,eDrive40,19416,35900,patrick bmw and mini,Schaumburg,IL,2026-08-09,https://patrickbmw.com/certified/BMW/2023-BMW-i4-Schaumburg-IL-04e0131aac180fc2ce3670feadbacd74.htm,,Alpine White,1,1,0,Personal Use,https://retail.photos.vin/WBY73AW0XPFP55021-1.jpg,https://www.carfax.com/VehicleHistory/p/Report.cfx?vin=WBY73AW0XPFP55021&partner=FRD_2,42.05082,-88.0619,25
2026-08-23,bmw-i4-edrive40,National,WBY73AW07PFR03285,2023,eDrive40,29968,36300,Cars Plus,Lenoir,NC,2026-08-09,https://www.carfax.com/vehicle/WBY73AW07PFR03285,55900,Orange,,1,0,Personal Use,https://retail.photos.vin/WBY73AW07PFR03285-1.jpg,https://www.carfax.com/VehicleHistory/p/Report.cfx?vin=WBY73AW07PFR03285&partner=FRD_2,35.92188,-81.50588,275
2026-08-23,bmw-i4-edrive40,National,WBY73AW06PFR08171,2023,eDrive40,17766,36797,BMW MINI of Nashville,Brentwood,TN,2026-08-09,https://bmwofnashville.com/certified/BMW/2023-BMW-i4-nashville-TN-a4bf3583ac1834a791521c6bd53fca20.htm,55900,Gray,,1,0,Personal Use,https://retail.photos.vin/WBY73AW06PFR08171-1.jpg,https://www.carfax.com/VehicleHistory/p/Report.cfx?vin=WBY73AW06PFR08171&partner=FRD_2,35.97981,-86.80433,250
2026-08-23,bmw-i4-edrive40,National,WBY73AW08PFN65959,2023,eDrive40,13654,36990,Empire Auto Collection Inc,Warren,MI,2026-08-09,https://www.carfax.com/vehicle/WBY73AW08PFN65959,55900,Green,,2,0,Multiple Use,https://retail.photos.vin/WBY73AW08PFN65959-1.jpg,https://www.carfax.com/VehicleHistory/p/Report.cfx?vin=WBY73AW08PFN65959&partner=FRD_2,42.45617,-83.08334,236
2026-08-23,bmw-i4-edrive40,Cincinnati,WBY73AW04PFR22666,2023,eDrive40,18114,37693,lexus of dayton,Dayton,OH,2026-08-12,https://lexusofdayton.com/inventory/Used-2023-BMW-i4-eDrive40-WBY73AW04PFR22666,,Gray Metallic,,1,0,Personal Use,https://retail.photos.vin/WBY73AW04PFR22666-1.jpg,https://www.carfax.com/VehicleHistory/p/Report.cfx?vin=WBY73AW04PFR22666&partner=FRD_2,39.63076,-84.19982,40
2026-08-23,bmw-i4-edrive40,Indianapolis,WBY73AW03PFR31326,2023,eDrive40,23538,37987,Dreyer & Reinbold BMW MINI,Indianapolis,IN,2026-08-09,https://www.carfax.com/vehicle/WBY73AW03PFR31326,55900,White,,1,1,Personal Use,https://retail.photos.vin/WBY73AW03PFR31326-1.jpg,https://www.carfax.com/VehicleHistory/p/Report.cfx?vin=WBY73AW03PFR31326&partner=FRD_2,39.923,-86.11407,11
2026-08-23,bmw-i4-edrive40,National,WBY73AW00RFR51049,2024,eDrive40,14680,38441,North Coast Mitsubishi Bedford,Bedford,OH,2026-08-20,https://www.autolist.com/bmw-i4#vin=WBY73AW00RFR51049,57300,Brooklyn Grey Metallic,,,,,https://retail.photos.vin/WBY73AW00RFR51049-1.jpg,https://www.carfax.com/VehicleHistory/p/Report.cfx?vin=WBY73AW00RFR51049&partner=FRD_2,41.38149,-81.53022,222
2026-08-23,bmw-i4-edrive40,Cincinnati,WBY73AW04PFP45018,2023,eDrive40,16248,38583,The BMW Store,Cincinnati,OH,2026-08-09,https://www.carfax.com/vehicle/WBY73AW04PFP45018,55900,Gray,,1,0,Personal Use,https://retail.photos.vin/WBY73AW04PFP45018-1.jpg,https://www.carfax.com/VehicleHistory/p/Report.cfx?vin=WBY73AW04PFP45018&partner=FRD_2,39.17945,-84.39597,8
2026-08-23,bmw-i4-edrive40,National,WBY73AW0XRFR50961,2024,eDrive40,25597,38998,CarMax Chattanooga,Chattanooga,TN,2026-06-27,https://www.autolist.com/bmw-i4#vin=WBY73AW0XRFR50961,57300,Mineral White Metallic,,1,0,Lease,https://retail.photos.vin/WBY73AW0XRFR50961-1.jpg,https://www.carfax.com/VehicleHistory/p/Report.cfx?vin=WBY73AW0XRFR50961&partner=FRD_2,35.04092,-85.15943,283
2026-08-23,bmw-i4-edrive40,Chicago,WBY73AW05RFT29644,2024,eDrive40,14749,38998,CarMax Milwaukee,Milwaukee,WI,2026-08-17,https://www.autolist.com/bmw-i4#vin=WBY73AW05RFT29644,57300,Alpine White,,2,0,Personal Use,https://retail.photos.vin/WBY73AW05RFT29644-1.jpg,https://www.carfax.com/VehicleHistory/p/Report.cfx?vin=WBY73AW05RFT29644&partner=FRD_2,43.14311,-88.05022,90
2026-08-23,bmw-i4-edrive40,Cincinnati,WBY23HD03SFU00254,2025,eDrive40,17314,39417,Auto Connection,Junction City,KY,2026-08-09,https://www.carfax.com/vehicle/WBY23HD03SFU00254,57900,Black,,2,0,Multiple Use,https://retail.photos.vin/WBY23HD03SFU00254-1.jpg,https://www.carfax.com/VehicleHistory/p/Report.cfx?vin=WBY23HD03SFU00254&partner=FRD_2,37.57995,-84.79012,106
2026-08-23,bmw-i4-edrive40,Chicago,WBY73AW04PFP60277,2023,eDrive40,20828,39593,zeigler chrysler dodge jeep ram of downers grove,Downers Grove,IL,2026-08-09,https://zeiglerchryslerdodge.com/used/BMW/2023-BMW-i4-c8913555ac1814de2655b06917472d4d.htm,,Jet Black,,1,0,Personal Use,https://retail.photos.vin/WBY73AW04PFP60277-1.jpg,https://www.carfax.com/VehicleHistory/p/Report.cfx?vin=WBY73AW04PFP60277&partner=FRD_2,42.27042,-85.63814,105
2026-08-23,bmw-i4-edrive40,National,WBY73AW02NFN17922,2022,eDrive40,117069,19885,Regency USA,Lawndale,CA,2026-08-15,https://www.carfax.com/vehicle/WBY73AW02NFN17922,55400,San Remo Green Metallic,,1,0,Corporate Fleet,https://retail.photos.vin/WBY73AW02NFN17922-1.jpg,https://www.carfax.com/VehicleHistory/p/Report.cfx?vin=WBY73AW02NFN17922&partner=FRD_2,33.8892,-118.3523,1753
2026-08-23,bmw-i4-edrive40,National,WBY73AW02PFN81848,2023,eDrive40,54910,25000,KWI Enterprises,Arlington,TX,2026-06-21,https://www.autolist.com/bmw-i4#vin=WBY73AW02PFN81848,55900,Mineral White Metallic,,2,0,Lease,https://retail.photos.vin/WBY73AW02PFN81848-1.jpg,https://www.carfax.com/VehicleHistory/p/Report.cfx?vin=WBY73AW02PFN81848&partner=FRD_2,32.74168,-97.0827,778
2026-08-23,bmw-i4-edrive40,National,WBY73AW04RFR67979,2024,eDrive40,33050,26188,Certified Auto Group,Hempstead,NY,2026-08-12,https://www.autolist.com/bmw-i4#vin=WBY73AW04RFR67979,57300,San Remo Green Metallic,,1,0,Lease,https://retail.photos.vin/WBY73AW04RFR67979-1.jpg,https://www.carfax.com/VehicleHistory/p/Report.cfx?vin=WBY73AW04RFR67979&partner=FRD_2,40.71693,-73.6284,587
2026-08-23,bmw-i4-edrive40,National,WBY73AW05PFP89089,2023,eDrive40,41010,26485,california motors direct montclair,Montclair,CA,2026-08-14,https://www.iemotorsdirect.com/pre-owned-cars/detail/x/1566123,,Black Sapphire Metallic,,1,2,Lease,https://retail.photos.vin/WBY73AW05PFP89089-1.jpg,https://www.carfax.com/VehicleHistory/p/Report.cfx?vin=WBY73AW05PFP89089&partner=FRD_2,0.0,0.0,5924
2026-08-23,bmw-i4-edrive40,National,WBY73AW0XPFN74789,2023,eDrive40,73928,26597,Auto Trust USA,Miramar,FL,2026-08-09,https://www.carfax.com/vehicle/WBY73AW0XPFN74789,55900,Black,,1,0,Personal Use,https://retail.photos.vin/WBY73AW0XPFN74789-1.jpg,https://www.carfax.com/VehicleHistory/p/Report.cfx?vin=WBY73AW0XPFN74789&partner=FRD_2,25.98002,-80.2068,940
2026-08-23,bmw-i4-edrive40,National,WBY73AW01RFR51366,2024,eDrive40,76584,26775,Universal Mitsubishi,Sherman Oaks,CA,2026-08-09,https://www.carfax.com/vehicle/WBY73AW01RFR51366,57300,Black,,1,0,Personal Use,https://retail.photos.vin/WBY73AW01RFR51366-1.jpg,https://www.carfax.com/VehicleHistory/p/Report.cfx?vin=WBY73AW01RFR51366&partner=FRD_2,34.16823,-118.44892,1750
2026-08-23,bmw-i4-edrive40,National,WBY73AW03PFR26787,2023,eDrive40,53490,27573,Crevier BMW,Santa Ana,CA,2026-07-07,https://www.autolist.com/bmw-i4#vin=WBY73AW03PFR26787,55900,Jet Black,,1,0,Lease,https://retail.photos.vin/WBY73AW03PFR26787-1.jpg,https://www.carfax.com/VehicleHistory/p/Report.cfx?vin=WBY73AW03PFR26787&partner=FRD_2,33.72813,-117.83691,1732
2026-08-23,bmw-i4-edrive40,National,WBY73AW08PFP78765,2023,eDrive40,24662,28090,Auto Spot Mountain Lakes,Mountain Lakes,NJ,2026-08-09,https://www.carfax.com/vehicle/WBY73AW08PFP78765,55900,Gray,,1,1,Personal Use,https://retail.photos.vin/WBY73AW08PFP78765-1.jpg,https://www.carfax.com/VehicleHistory/p/Report.cfx?vin=WBY73AW08PFP78765&partner=FRD_2,40.88242,-74.45564,546
2026-08-23,bmw-i4-edrive40,National,WBY73AW03PFN43190,2023,eDrive40,76795,28512,Premier Chrysler Dodge Jeep Ram of Buena Park,Buena Park,CA,2026-07-28,https://www.autolist.com/bmw-i4#vin=WBY73AW03PFN43190,55900,Tanzanite Blue II Metallic,,2,0,Personal Use,https://retail.photos.vin/WBY73AW03PFN43190-1.jpg,https://www.carfax.com/VehicleHistory/p/Report.cfx?vin=WBY73AW03PFN43190&partner=FRD_2,33.87351,-118.00515,1736
2026-08-23,bmw-i4-edrive40,National,WBY73AW00PFR09901,2023,eDrive40,70678,28645,Maserati of Monmouth,OCEAN,NJ,2026-08-12,https://www.autolist.com/bmw-i4#vin=WBY73AW00PFR09901,55900,White,,1,1,Personal Use,https://retail.photos.vin/WBY73AW00PFR09901-1.jpg,https://www.carfax.com/VehicleHistory/p/Report.cfx?vin=WBY73AW00PFR09901&partner=FRD_2,40.23139,-74.03835,562
2026-08-23,bmw-i4-edrive40,National,WBY73AW0XRFS55251,2024,eDrive40,64077,28788,bmw mini of monrovia,Monrovia,CA,2026-08-09,https://bmwofmonrovia.net/used/BMW/2024-BMW-i4-near-Los-Angeles-cec9c229ac183327c49f3a7e7c480900.htm,,Mineral White Metallic,,1,0,Personal Use,https://retail.photos.vin/WBY73AW0XRFS55251-1.jpg,https://www.carfax.com/VehicleHistory/p/Report.cfx?vin=WBY73AW0XRFS55251&partner=FRD_2,33.8116,-118.17133,1747
2026-08-23,bmw-i4-edrive40,National,WBY73AW0XPFR35065,2023,eDrive40,69944,28973,BMW of Riverside,Riverside,CA,2026-08-15,https://www.autolist.com/bmw-i4#vin=WBY73AW0XPFR35065,55900,Black,,1,0,Personal Use,https://retail.photos.vin/WBY73AW0XPFR35065-1.jpg,https://www.carfax.com/VehicleHistory/p/Report.cfx?vin=WBY73AW0XPFR35065&partner=FRD_2,33.9231,-117.41679,1705
2026-08-23,bmw-i4-edrive40,National,WBY73AW01PFN91531,2023,eDrive40,54252,28978,Fletcher Jones Motorcars,Newport Beach,CA,2026-08-09,https://www.carfax.com/vehicle/WBY73AW01PFN91531,55900,Gray,,1,0,Personal Use,https://retail.photos.vin/WBY73AW01PFN91531-1.jpg,https://www.carfax.com/VehicleHistory/p/Report.cfx?vin=WBY73AW01PFN91531&partner=FRD_2,33.6531,-117.86507,1736
2026-08-23,bmw-i4-edrive40,National,WBY73AW09PFP98457,2023,eDrive40,59460,28999,CarsIndex,Horsham,PA,2026-08-11,https://www.autolist.com/bmw-i4#vin=WBY73AW09PFP98457,55900,Black,,1,1,Personal Use,https://retail.photos.vin/WBY73AW09PFP98457-1.jpg,https://www.carfax.com/VehicleHistory/p/Report.cfx?vin=WBY73AW09PFP98457&partner=FRD_2,40.18934,-75.13483,504
2026-08-23,bmw-i4-edrive40,National,WBY73AW01PFR46519,2023,eDrive40,59709,28999,BMW Fresno,Fresno,CA,2026-08-18,https://www.autolist.com/bmw-i4#vin=WBY73AW01PFR46519,55900,Mineral White Metallic,1,1,0,Lease,https://retail.photos.vin/WBY73AW01PFR46519-1.jpg,https://www.carfax.com/VehicleHistory/p/Report.cfx?vin=WBY73AW01PFR46519&partner=FRD_2,36.84028,-119.80875,1744
2026-08-23,bmw-i4-edrive40,National,WBY73AW07PFR30485,2023,eDrive40,88874,28999,Crain Kia of Bentonville,Bentonville,AR,2026-08-11,https://www.autolist.com/bmw-i4#vin=WBY73AW07PFR30485,55900,San Remo Green Metallic,,1,0,Lease,https://retail.photos.vin/WBY73AW07PFR30485-1.jpg,https://www.carfax.com/VehicleHistory/p/Report.cfx?vin=WBY73AW07PFR30485&partner=FRD_2,36.34405,-94.18379,496
2026-08-23,bmw-i4-xdrive40,National,WBY83FB08RFR76899,2024,xDrive40,94123,28251,Hendersonville Auto Brokers,Hendersonville,TN,2026-07-01,https://www.autolist.com/bmw-i4#vin=WBY83FB08RFR76899,61600,Alpine White,,1,0,Taxi,https://retail.photos.vin/WBY83FB08RFR76899-1.jpg,https://www.carfax.com/VehicleHistory/p/Report.cfx?vin=WBY83FB08RFR76899&partner=FRD_2,36.30262,-86.63612,226
2026-08-23,bmw-i4-xdrive40,National,WBY83FB07RFS02465,2024,xDrive40,27993,33617,EchoPark Automotive St. Louis,Chesterfield,MO,2026-08-19,https://www.autolist.com/bmw-i4#vin=WBY83FB07RFS02465,61600,White,,1,0,Rental Use,https://retail.photos.vin/WBY83FB07RFS02465-1.jpg,https://www.carfax.com/VehicleHistory/p/Report.cfx?vin=WBY83FB07RFS02465&partner=FRD_2,38.67504,-90.65846,252
2026-08-23,bmw-i4-xdrive40,Chicago,WBY83FB00RFR88769,2024,xDrive40,41725,33676,Car Wise Gurnee,Gurnee,IL,2026-08-09,https://www.carfax.com/vehicle/WBY83FB00RFR88769,61600,White,,1,1,Rental Use,https://retail.photos.vin/WBY83FB00RFR88769-1.jpg,https://www.carfax.com/VehicleHistory/p/Report.cfx?vin=WBY83FB00RFR88769&partner=FRD_2,42.3868,-87.96162,39
2026-08-23,bmw-i4-xdrive40,Chicago,WBY83FB00RFR83376,2024,xDrive40,49214,35176,Car Wise Gurnee,Gurnee,IL,2026-08-06,https://www.autolist.com/bmw-i4#vin=WBY83FB00RFR83376,61600,Black,,1,1,Personal Use,https://retail.photos.vin/WBY83FB00RFR83376-1.jpg,https://www.carfax.com/VehicleHistory/p/Report.cfx?vin=WBY83FB00RFR83376&partner=FRD_2,42.3868,-87.96162,39
2026-08-23,bmw-i4-xdrive40,Indianapolis,WBY83FB04RFS77592,2024,xDrive40,42325,38624,tom kelley buick gmc,Fort Wayne,IN,2026-08-22,https://drivekelleybuickgmc.com/electric-used/BMW/2024-BMW-i4-2694412bac185c30491eeacb519d6b45.htm,,Skyscraper Gray Metallic,,1,1,Personal Use,https://retail.photos.vin/WBY83FB04RFS77592-1.jpg,https://www.carfax.com/VehicleHistory/p/Report.cfx?vin=WBY83FB04RFS77592&partner=FRD_2,41.07773,-85.22575,103
2026-08-23,bmw-i4-xdrive40,National,WBY83FB07RFS95987,2024,xDrive40,29884,38741,BMW Cleveland,Solon,OH,2026-08-09,https://www.carfax.com/vehicle/WBY83FB07RFS95987,61600,Gray,,1,1,Personal Use,https://retail.photos.vin/WBY83FB07RFS95987-1.jpg,https://www.carfax.com/VehicleHistory/p/Report.cfx?vin=WBY83FB07RFS95987&partner=FRD_2,41.39384,-81.44152,226
2026-08-23,bmw-i4-xdrive40,Chicago,WBY83FB03RFS51596,2024,xDrive40,24634,39706,Gravity Autos Chicago,Highland Park,IL,2026-08-09,https://www.gravityautoschicago.com/inventory/2024-bmw-i4-xdrive40-WBY83FB03RFS51596,61600,Black,,2,0,Multiple Use,https://retail.photos.vin/WBY83FB03RFS51596-1.jpg,https://www.carfax.com/VehicleHistory/p/Report.cfx?vin=WBY83FB03RFS51596&partner=FRD_2,42.20311,-87.83539,25
2026-08-23,bmw-i4-xdrive40,Chicago,WBY83FB00RFS06776,2024,xDrive40,23460,41076,Car Wise Gurnee,Gurnee,IL,2026-08-09,https://www.carfax.com/vehicle/WBY83FB00RFS06776,61600,White,,2,1,Multiple Use,https://retail.photos.vin/WBY83FB00RFS06776-1.jpg,https://www.carfax.com/VehicleHistory/p/Report.cfx?vin=WBY83FB00RFS06776&partner=FRD_2,42.3868,-87.96162,39
2026-08-23,bmw-i4-xdrive40,Chicago,WBY83FB00RFR90506,2024,xDrive40,29823,42398,Zimbrick BMW,Madison,WI,2026-08-17,https://www.bmwofmadison.com/used-Madison-2024-BMW-i4-xDrive40-WBY83FB00RFR90506,61600,Gray,,1,0,Personal Use,https://retail.photos.vin/WBY83FB00RFR90506-1.jpg,https://www.carfax.com/VehicleHistory/p/Report.cfx?vin=WBY83FB00RFR90506&partner=FRD_2,43.04035,-89.38354,120
2026-08-23,bmw-i4-xdrive40,Chicago,WBY43HD0XSFU66700,2025,xDrive40,17721,44743,BMW of Bloomington,Bloomington,IL,2026-08-09,https://www.carfax.com/vehicle/WBY43HD0XSFU66700,62300,White,,1,0,Corporate Use,https://retail.photos.vin/WBY43HD0XSFU66700-1.jpg,https://www.carfax.com/VehicleHistory/p/Report.cfx?vin=WBY43HD0XSFU66700&partner=FRD_2,40.45737,-88.9743,121
2026-08-23,bmw-i4-xdrive40,Chicago,WBY43HD04SFU93388,2025,xDrive40,10838,44995,baha auto group palos hills,Palos Hills,IL,2026-08-09,https://www.bahaautopalos.com/pre-owned-cars/detail/x/1545833,,Jet Black,,1,1,Personal Use,https://retail.photos.vin/WBY43HD04SFU93388-1.jpg,https://www.carfax.com/VehicleHistory/p/Report.cfx?vin=WBY43HD04SFU93388&partner=FRD_2,41.69187,-87.80849,16
2026-08-23,bmw-i4-xdrive40,Chicago,WBY43HD0XSFU69208,2025,xDrive40,14104,47298,Zimbrick BMW,Madison,WI,2026-08-09,https://www.bmwofmadison.com/used-Madison-2025-BMW-i4-xDrive40-WBY43HD0XSFU69208,62300,Red,,1,0,Personal Use,https://retail.photos.vin/WBY43HD0XSFU69208-1.jpg,https://www.carfax.com/VehicleHistory/p/Report.cfx?vin=WBY43HD0XSFU69208&partner=FRD_2,43.04035,-89.38354,120
2026-08-23,bmw-i4-xdrive40,Indianapolis,WBY43HD08SFT97151,2025,xDrive40,9778,47400,unlimited motors,Elwood,IN,2026-08-09,https://www.indysunlimitedmotors.com/pre-owned-cars/detail/x/1547043,,Black Sapphire Metallic,,1,0,Rental Use,https://retail.photos.vin/WBY43HD08SFT97151-1.jpg,https://www.carfax.com/VehicleHistory/p/Report.cfx?vin=WBY43HD08SFT97151&partner=FRD_2,40.04452,-86.18488,19
2026-08-23,bmw-i4-xdrive40,Chicago,WBY43HD02SFU59661,2025,xDrive40,5832,48542,Heiser Ford Lincoln,Milwaukee,WI,2026-08-09,https://www.carfax.com/vehicle/WBY43HD02SFU59661,62300,Red,,1,0,Personal Use,https://retail.photos.vin/WBY43HD02SFU59661-1.jpg,https://www.carfax.com/VehicleHistory/p/Report.cfx?vin=WBY43HD02SFU59661&partner=FRD_2,43.11963,-87.93343,87
2026-08-23,bmw-i4-xdrive40,Chicago,WBY43HD09SFU46681,2025,xDrive40,8300,48625,Elmhurst Ford,Bensenville,IL,2026-08-09,https://www.fordelmhurst.com/used-Bensenville-2025-BMW-i4-xDrive40-WBY43HD09SFU46681,62300,Gray,,1,0,Personal Use,https://retail.photos.vin/WBY43HD09SFU46681-1.jpg,https://www.carfax.com/VehicleHistory/p/Report.cfx?vin=WBY43HD09SFU46681&partner=FRD_2,41.93159,-87.9511,17
2026-08-23,bmw-i4-xdrive40,Chicago,WBY43HD05SFU83050,2025,xDrive40,9669,52598,BMW of Ann Arbor,Ann Arbor,MI,2026-08-11,https://www.carfax.com/vehicle/WBY43HD05SFU83050,62300,Red,,1,0,Personal Use,https://retail.photos.vin/WBY43HD05SFU83050-1.jpg,https://www.carfax.com/VehicleHistory/p/Report.cfx?vin=WBY43HD05SFU83050&partner=FRD_2,42.28665,-83.8202,197
2026-08-23,bmw-i4-xdrive40,Cincinnati,WBY43HD05SFU47021,2025,xDrive40,10472,53600,BMW of Cincinnati North,Cincinnati,OH,2026-06-03,https://www.autolist.com/bmw-i4#vin=WBY43HD05SFU47021,62300,Mineral White Metallic,1,2,0,Personal Use,https://retail.photos.vin/WBY43HD05SFU47021-1.jpg,https://www.carfax.com/VehicleHistory/p/Report.cfx?vin=WBY43HD05SFU47021&partner=FRD_2,39.28775,-84.47093,13
2026-08-23,bmw-i4-xdrive40,Indianapolis,WBY83FB04RFS96501,2024,xDrive40,5581,54803,Serra Honda BMW Champaign,Savoy,IL,2026-08-09,https://www.carfax.com/vehicle/WBY83FB04RFS96501,61600,White,,0,0,Vehicle Use,https://retail.photos.vin/WBY83FB04RFS96501-1.jpg,https://www.carfax.com/VehicleHistory/p/Report.cfx?vin=WBY83FB04RFS96501&partner=FRD_2,40.0746,-88.24896,113
2026-08-23,bmw-i4-xdrive40,National,WBY43HD08SFU66131,2025,xDrive40,4484,54987,mercedes benz of columbia,Columbia,MO,2026-08-09,https://columbiamercedesbenz.com/certified/BMW/2025-BMW-i4-8f133e7dac180aac8449eac682419481.htm,,Black Sapphire Metallic,1,1,0,Personal Use,https://retail.photos.vin/WBY43HD08SFU66131-1.jpg,https://www.carfax.com/VehicleHistory/p/Report.cfx?vin=WBY43HD08SFU66131&partner=FRD_2,38.96622,-92.36728,321
2026-08-23,bmw-i4-xdrive40,National,WBY83FB04RFR99371,2024,xDrive40,59397,30881,Driveline Motorcars,Bradenton,FL,2026-07-17,https://www.autolist.com/bmw-i4#vin=WBY83FB04RFR99371,61600,Black,,1,1,Rental Use,https://retail.photos.vin/WBY83FB04RFR99371-1.jpg,https://www.carfax.com/VehicleHistory/p/Report.cfx?vin=WBY83FB04RFR99371&partner=FRD_2,27.48446,-82.58391,810
2026-08-23,bmw-i4-xdrive40,National,WBY83FB01RFR88134,2024,xDrive40,25399,35500,Stewart Chevrolet,Colma,CA,2026-08-09,https://www.carfax.com/vehicle/WBY83FB01RFR88134,61600,White,,1,1,Rental Use,https://retail.photos.vin/WBY83FB01RFR88134-1.jpg,https://www.carfax.com/VehicleHistory/p/Report.cfx?vin=WBY83FB01RFR88134&partner=FRD_2,37.67394,-122.46303,1860
2026-08-23,bmw-i4-xdrive40,National,WBY83FB05RFR88928,2024,xDrive40,36516,35590,Carvana,Atlanta,GA,2026-08-11,https://www.carvana.com/vehicle/4174060,61600,Gray,,1,0,Corporate Fleet,https://retail.photos.vin/WBY83FB05RFR88928-1.jpg,https://www.carfax.com/VehicleHistory/p/Report.cfx?partner=CVN_0&vin=WBY83FB05RFR88928,0.0,0.0,5924
2026-08-23,bmw-i4-xdrive40,National,WBY83FB06RFR89506,2024,xDrive40,36804,36439,AutoNation USA Denton,Denton,TX,2026-08-09,https://www.carfax.com/vehicle/WBY83FB06RFR89506,61600,Silver/Gray,,2,0,Multiple Use,https://retail.photos.vin/WBY83FB06RFR89506-1.jpg,https://www.carfax.com/VehicleHistory/p/Report.cfx?vin=WBY83FB06RFR89506&partner=FRD_2,33.167,-97.079,758
2026-08-23,bmw-i4-xdrive40,National,WBY83FB00RFT22804,2024,xDrive40,38756,36995,boston foreign motor,Allston,MA,2026-08-11,https://bostonforeignmotor.com/used/BMW/2024-BMW-i4-c9120c07ac183bdce598b2bacc6bf8b1.htm,,PORTIMAO BLUE METALLIC,,1,0,Personal Use,https://retail.photos.vin/WBY83FB00RFT22804-1.jpg,https://www.carfax.com/VehicleHistory/p/Report.cfx?vin=WBY83FB00RFT22804&partner=FRD_2,42.35328,-71.13889,734
2026-08-23,bmw-i4-xdrive40,National,WBY83FB09RFR88687,2024,xDrive40,32951,37025,Prestige Motors Pasco,Pasco,WA,2026-06-30,https://www.autolist.com/bmw-i4#vin=WBY83FB09RFR88687,61600,White,,,,,https://retail.photos.vin/WBY83FB09RFR88687-1.jpg,https://www.carfax.com/VehicleHistory/p/Report.cfx?vin=WBY83FB09RFR88687&partner=FRD_2,46.24078,-119.12479,1582
2026-08-23,bmw-i4-xdrive40,National,WBY83FB06RFR42833,2024,xDrive40,41524,37047,Pacific BMW,Glendale,CA,2026-08-04,https://www.autolist.com/bmw-i4#vin=WBY83FB06RFR42833,61600,,,,,,https://retail.photos.vin/WBY83FB06RFR42833-1.jpg,https://www.carfax.com/VehicleHistory/p/Report.cfx?vin=WBY83FB06RFR42833&partner=FRD_2,34.13715,-118.2549,1741
2026-08-23,bmw-i4-xdrive40,National,WBY43HD08SFT93276,2025,xDrive40,19308,37817,Hollywood Chrysler Jeep,Hollywood,FL,2026-08-09,https://www.carfax.com/vehicle/WBY43HD08SFT93276,62300,Gray,,1,1,Rental Use,https://retail.photos.vin/WBY43HD08SFT93276-1.jpg,https://www.carfax.com/VehicleHistory/p/Report.cfx?vin=WBY43HD08SFT93276&partner=FRD_2,26.02837,-80.20942,937
2026-08-23,bmw-i4-xdrive40,National,WBY83FB01RFR85072,2024,xDrive40,45003,37995,bmw of pleasant grove,Pleasant Grove,UT,2026-08-09,https://bmwofpleasantgrove.com/certified/BMW/2024-BMW-i4-cd9d19fdac184801034af116daba1363.htm,,Alpine White,1,1,1,Personal Use,https://retail.photos.vin/WBY83FB01RFR85072-1.jpg,https://www.carfax.com/VehicleHistory/p/Report.cfx?vin=WBY83FB01RFR85072&partner=FRD_2,40.35214,-111.77017,1257
2026-08-23,bmw-i4-xdrive40,National,WBY83FB06RFR94348,2024,xDrive40,30822,38474,Conicelli Nissan,Conshohocken,PA,2026-07-16,https://www.autolist.com/bmw-i4#vin=WBY83FB06RFR94348,61600,Black,,,,,https://retail.photos.vin/WBY83FB06RFR94348-1.jpg,https://www.carfax.com/VehicleHistory/p/Report.cfx?vin=WBY83FB06RFR94348&partner=FRD_2,40.10241,-75.30758,495
2026-08-23,bmw-i4-xdrive40,National,WBY83FB06RFS58137,2024,xDrive40,33412,38617,BMW of Bridgewater,Bridgewater,NJ,2026-08-09,https://www.bmwofbridgewater.com/viewdetails/cpo/wby83fb06rfs58137/2024-bmw-i4-hatchback?type=finance,61600,Black,,1,0,Personal Use,https://retail.photos.vin/WBY83FB06RFS58137-1.jpg,https://www.carfax.com/VehicleHistory/p/Report.cfx?vin=WBY83FB06RFS58137&partner=FRD_2,40.60264,-74.62419,534
2026-08-23,bmw-i4-xdrive40,National,WBY83FB09RFS02905,2024,xDrive40,38234,39590,Carvana,Memphis,TN,2026-08-11,https://www.carvana.com/vehicle/4643192,61600,White,,1,1,Rental Use,https://retail.photos.vin/WBY83FB09RFS02905-1.jpg,https://www.carfax.com/VehicleHistory/p/Report.cfx?partner=CVN_0&vin=WBY83FB09RFS02905,0.0,0.0,5924
2026-08-23,bmw-i4-xdrive40,National,WBY83FB0XRFS96907,2024,xDrive40,15310,40000,Tim Dahle Nissan - Murray,Salt Lake City,UT,2026-08-09,https://timdahlemurray.com/viewdetails/used/wby83fb0xrfs96907/2024-bmw-i4-hatchback?type=finance,61600,Black,,1,0,Rental Use,https://retail.photos.vin/WBY83FB0XRFS96907-1.jpg,https://www.carfax.com/VehicleHistory/p/Report.cfx?vin=WBY83FB0XRFS96907&partner=FRD_2,40.67294,-111.88914,1259
2026-08-23,bmw-i4-m50,Cincinnati,WBY33AW07RFR61186,2024,M50,30465,35995,Northern Kentucky Auto Sales,Cold Spring,KY,2026-04-24,https://www.autolist.com/bmw-i4#vin=WBY33AW07RFR61186,69700,White,,,,,https://retail.photos.vin/WBY33AW07RFR61186-1.jpg,https://www.carfax.com/VehicleHistory/p/Report.cfx?vin=WBY33AW07RFR61186&partner=FRD_2,39.00749,-84.47172,7
2026-08-23,bmw-i4-m50,Chicago,WBY33AW08NFN17003,2022,M50,20657,40409,BMW of Bloomington,Bloomington,IL,2026-08-22,https://www.autolist.com/bmw-i4#vin=WBY33AW08NFN17003,65900,Gray,,,,,https://retail.photos.vin/WBY33AW08NFN17003-1.jpg,https://www.carfax.com/VehicleHistory/p/Report.cfx?vin=WBY33AW08NFN17003&partner=FRD_2,40.4552,-88.9736,121
2026-08-23,bmw-i4-m50,Chicago,WBY33AW08PFN41479,2023,M50,41327,40866,Gravity Autos Chicago,Highland Park,IL,2026-08-09,https://www.gravityautoschicago.com/inventory/2023-bmw-i4-m50-WBY33AW08PFN41479,67300,Gray,,1,1,Personal Use,https://retail.photos.vin/WBY33AW08PFN41479-1.jpg,https://www.carfax.com/VehicleHistory/p/Report.cfx?vin=WBY33AW08PFN41479&partner=FRD_2,42.20311,-87.83539,25
2026-08-23,bmw-i4-m50,Chicago,WBY33AW0XPFP04827,2023,M50,24789,42741,Old Orchard Nissan,Skokie,IL,2026-05-23,https://www.autolist.com/bmw-i4#vin=WBY33AW0XPFP04827,67300,Red,,,,,https://retail.photos.vin/WBY33AW0XPFP04827-1.jpg,https://www.carfax.com/VehicleHistory/p/Report.cfx?vin=WBY33AW0XPFP04827&partner=FRD_2,42.03499,-87.75654,12
2026-08-23,bmw-i4-m50,Cincinnati,WBY33AW07PFR39685,2023,M50,50206,43298,Twins Auto of Dublin,Dublin,OH,2026-08-09,https://www.twinsautoofdublin.com/used-Dublin-2023-BMW-i4-M50-WBY33AW07PFR39685,67300,Black,,1,0,Personal Use,https://retail.photos.vin/WBY33AW07PFR39685-1.jpg,https://www.carfax.com/VehicleHistory/p/Report.cfx?vin=WBY33AW07PFR39685&partner=FRD_2,40.09963,-83.12528,101
2026-08-23,bmw-i4-m50,Chicago,WBY33AW08PFP96178,2023,M50,23387,43366,Gravity Autos Chicago,Highland Park,IL,2026-08-09,https://www.gravityautoschicago.com/inventory/2023-bmw-i4-m50-WBY33AW08PFP96178,67300,Gray,,1,1,Personal Use,https://retail.photos.vin/WBY33AW08PFP96178-1.jpg,https://www.carfax.com/VehicleHistory/p/Report.cfx?vin=WBY33AW08PFP96178&partner=FRD_2,42.20311,-87.83539,25
2026-08-23,bmw-i4-m50,Chicago,WBY33AW00PFP26674,2023,M50,23222,44111,Huntley Ford,Huntley,IL,2026-06-10,https://www.autolist.com/bmw-i4#vin=WBY33AW00PFP26674,67300,Black Sapphire Metallic,,1,0,Personal Use,https://retail.photos.vin/WBY33AW00PFP26674-1.jpg,https://www.carfax.com/VehicleHistory/p/Report.cfx?vin=WBY33AW00PFP26674&partner=FRD_2,42.1267,-88.4302,45
2026-08-23,bmw-i4-m50,Chicago,WBY33AW01PFN79734,2023,M50,8786,44739,Huntley Ford,Huntley,IL,2026-07-03,https://www.autolist.com/bmw-i4#vin=WBY33AW01PFN79734,67300,Gray,,,,,https://retail.photos.vin/WBY33AW01PFN79734-1.jpg,https://www.carfax.com/VehicleHistory/p/Report.cfx?vin=WBY33AW01PFN79734&partner=FRD_2,42.1267,-88.4302,45
2026-08-23,bmw-i4-m50,Chicago,WBY33AW03PFP89901,2023,M50,18306,44980,Ultimo Motors,Westmont,IL,2026-08-03,https://www.autolist.com/bmw-i4#vin=WBY33AW03PFP89901,67300,Brown,,1,0,Personal Use,https://retail.photos.vin/WBY33AW03PFP89901-1.jpg,https://www.carfax.com/VehicleHistory/p/Report.cfx?vin=WBY33AW03PFP89901&partner=FRD_2,42.10139,-87.82596,18
2026-08-23,bmw-i4-m50,Chicago,WBY33AW07PFP47909,2023,M50,12081,45123,Huntley Ford,Huntley,IL,2026-06-05,https://www.autolist.com/bmw-i4#vin=WBY33AW07PFP47909,67300,Aventurin Red Metallic,,2,0,Corporate Fleet,https://retail.photos.vin/WBY33AW07PFP47909-1.jpg,https://www.carfax.com/VehicleHistory/p/Report.cfx?vin=WBY33AW07PFP47909&partner=FRD_2,42.03499,-87.75654,12
2026-08-23,bmw-i4-m50,Chicago,WBY33AW09PFP87487,2023,M50,23944,45741,Old Orchard Nissan,Skokie,IL,2026-07-23,https://www.autolist.com/bmw-i4#vin=WBY33AW09PFP87487,67300,Brown,,,,,https://retail.photos.vin/WBY33AW09PFP87487-1.jpg,https://www.carfax.com/VehicleHistory/p/Report.cfx?vin=WBY33AW09PFP87487&partner=FRD_2,42.03499,-87.75654,12
2026-08-23,bmw-i4-m50,National,WBY33AW05PFR23596,2023,M50,10933,45897,North Coast Mitsubishi Akron,Akron,OH,2026-08-09,https://www.carfax.com/vehicle/WBY33AW05PFR23596,67300,Gray,,1,1,Personal Use,https://retail.photos.vin/WBY33AW05PFR23596-1.jpg,https://www.carfax.com/VehicleHistory/p/Report.cfx?vin=WBY33AW05PFR23596&partner=FRD_2,41.11375,-81.46521,213
2026-08-23,bmw-i4-m50,Chicago,WBY33AW09PFN75303,2023,M50,17440,46298,Maserati of Naperville,Naperville,IL,2026-08-09,https://www.carfax.com/vehicle/WBY33AW09PFN75303,67300,Gray,,1,0,Personal Use,https://retail.photos.vin/WBY33AW09PFN75303-1.jpg,https://www.carfax.com/VehicleHistory/p/Report.cfx?vin=WBY33AW09PFN75303&partner=FRD_2,41.77278,-88.18539,30
2026-08-23,bmw-i4-m50,Chicago,WBY33AW08PFP86489,2023,M50,10465,46412,Motor Werks Cadillac,Barrington,IL,2026-08-09,https://www.carfax.com/vehicle/WBY33AW08PFP86489,67300,Gray,,1,0,Corporate Use,https://retail.photos.vin/WBY33AW08PFP86489-1.jpg,https://www.carfax.com/VehicleHistory/p/Report.cfx?vin=WBY33AW08PFP86489&partner=FRD_2,42.1291,-88.13192,31
2026-08-23,bmw-i4-m50,National,WBY33AW05RFS76474,2024,M50,25744,46799,BMW of Chattanooga,Chattanooga,TN,2026-08-21,https://bmwofchattanooga.com/used/BMW/2024-BMW-i4-Chattanooga-TN-21bd9e3aac1827bd9540ac67d45a6143.htm,69700,White,,1,0,Personal Use,https://retail.photos.vin/WBY33AW05RFS76474-1.jpg,https://www.carfax.com/VehicleHistory/p/Report.cfx?vin=WBY33AW05RFS76474&partner=FRD_2,35.01533,-85.18256,285
2026-08-23,bmw-i4-m50,Chicago,WBY33AW02PFP38812,2023,M50,10198,48498,Maserati of Naperville,Naperville,IL,2026-08-09,https://www.carfax.com/vehicle/WBY33AW02PFP38812,67300,Gray,,1,0,Personal Use,https://retail.photos.vin/WBY33AW02PFP38812-1.jpg,https://www.carfax.com/VehicleHistory/p/Report.cfx?vin=WBY33AW02PFP38812&partner=FRD_2,41.77278,-88.18539,30
2026-08-23,bmw-i4-m50,Chicago,WBY33AW06RFS00939,2024,M50,29007,49900,Perillo BMW,Chicago,IL,2026-08-02,https://www.autolist.com/bmw-i4#vin=WBY33AW06RFS00939,69700,Blue,1,,,,https://retail.photos.vin/WBY33AW06RFS00939-1.jpg,https://www.carfax.com/VehicleHistory/p/Report.cfx?vin=WBY33AW06RFS00939&partner=FRD_2,41.905,-87.63449,1
2026-08-23,bmw-i4-m50,Chicago,WBY33AW04PFR01024,2023,M50,14734,50228,BMW of Ann Arbor,Ann Arbor,MI,2026-08-15,https://www.carfax.com/vehicle/WBY33AW04PFR01024,67300,Gray,,2,0,Personal Use,https://retail.photos.vin/WBY33AW04PFR01024-1.jpg,https://www.carfax.com/VehicleHistory/p/Report.cfx?vin=WBY33AW04PFR01024&partner=FRD_2,42.28665,-83.8202,197
2026-08-23,bmw-i4-m50,Chicago,WBY33AW02RFR86867,2024,M50,23642,50529,BMW of Ann Arbor,Ann Arbor,MI,2026-08-22,https://www.carfax.com/vehicle/WBY33AW02RFR86867,69700,Gray,,1,0,Personal Use,https://retail.photos.vin/WBY33AW02RFR86867-1.jpg,https://www.carfax.com/VehicleHistory/p/Report.cfx?vin=WBY33AW02RFR86867&partner=FRD_2,42.28665,-83.8202,197
2026-08-23,bmw-i4-m50,Chicago,WBY33HD01SFT96001,2025,M50,24953,53362,Napleton Autowerks River Oaks,Calumet City,IL,2026-08-15,https://www.autolist.com/bmw-i4#vin=WBY33HD01SFT96001,70700,White,,,,,https://retail.photos.vin/WBY33HD01SFT96001-1.jpg,https://www.carfax.com/VehicleHistory/p/Report.cfx?vin=WBY33HD01SFT96001&partner=FRD_2,41.60035,-87.567,20
2026-08-23,bmw-i4-m50,National,WBY33AW04PFN40135,2023,M50,99817,31776,nextgear motors,Raleigh,NC,2026-08-09,https://nextgearmotors.com/used/BMW/2023-BMW-i4-2a372344ac185cc92880da077a5a2b24.htm,,Alpine White,,1,0,Personal Use,https://retail.photos.vin/WBY33AW04PFN40135-1.jpg,https://www.carfax.com/VehicleHistory/p/Report.cfx?vin=WBY33AW04PFN40135&partner=FRD_2,35.81383,-78.60953,395
2026-08-23,bmw-i4-m50,National,WBY33AW08PFP65562,2023,M50,97062,32985,Evolving Motors,Orange,CA,2026-08-09,https://www.carfax.com/vehicle/WBY33AW08PFP65562,67300,Blue,,1,1,Commercial Use,https://retail.photos.vin/WBY33AW08PFP65562-1.jpg,https://www.carfax.com/VehicleHistory/p/Report.cfx?vin=WBY33AW08PFP65562&partner=FRD_2,33.80955,-117.86438,1731
2026-08-23,bmw-i4-m50,National,WBY33AW07NFM17586,2022,M50,60782,33195,Florida Fine Car - Miami,Miami,FL,2026-08-13,https://www.carfax.com/vehicle/WBY33AW07NFM17586,65900,Green,,1,1,Corporate Use,https://retail.photos.vin/WBY33AW07NFM17586-1.jpg,https://www.carfax.com/VehicleHistory/p/Report.cfx?vin=WBY33AW07NFM17586&partner=FRD_2,25.97021,-80.20454,941
2026-08-23,bmw-i4-m50,National,WBY33AW04NFN23753,2022,M50,9998,34794,Automotive Avenues,Wall Township,NJ,2026-08-09,https://www.carfax.com/vehicle/WBY33AW04NFN23753,65900,Blue,,1,1,Personal Use,https://retail.photos.vin/WBY33AW04NFN23753-1.jpg,https://www.carfax.com/VehicleHistory/p/Report.cfx?vin=WBY33AW04NFN23753&partner=FRD_2,40.21964,-74.1305,557
2026-08-23,bmw-i4-m50,National,WBY33AW0XNFM49710,2022,M50,48123,35125,southtowne mitsubishi,Sandy,UT,2026-08-12,https://utahmitsubishi.com/used/BMW/2022-BMW-i4-f35d2528ac18003fe20877a2787cdaae.htm,,Brooklyn Gray Metallic,,2,1,Personal Use,https://retail.photos.vin/WBY33AW0XNFM49710-1.jpg,https://www.carfax.com/VehicleHistory/p/Report.cfx?vin=WBY33AW0XNFM49710&partner=FRD_2,40.55468,-111.89337,1261
2026-08-23,bmw-i4-m50,National,WBY33AW07PFN43448,2023,M50,73940,35500,J Star Chrysler Dodge Jeep Ram,Anaheim,CA,2026-08-09,https://www.carfax.com/vehicle/WBY33AW07PFN43448,67300,Green,,1,0,Personal Use,https://retail.photos.vin/WBY33AW07PFN43448-1.jpg,https://www.carfax.com/VehicleHistory/p/Report.cfx?vin=WBY33AW07PFN43448&partner=FRD_2,33.87315,-117.74844,1723
2026-08-23,bmw-i4-m50,National,WBY33AW0XPFP04746,2023,M50,77086,35690,Autos of Dallas Irving,Irving,TX,2026-08-09,https://www.carfax.com/vehicle/WBY33AW0XPFP04746,67300,White,,1,0,Corporate Use,https://retail.photos.vin/WBY33AW0XPFP04746-1.jpg,https://www.carfax.com/VehicleHistory/p/Report.cfx?vin=WBY33AW0XPFP04746&partner=FRD_2,32.83811,-96.95799,768
2026-08-23,bmw-i4-m50,National,WBY33AW08PFP10013,2023,M50,43808,37625,Auto Merchants Inc.,Plano,TX,2026-06-24,https://www.autolist.com/bmw-i4#vin=WBY33AW08PFP10013,67300,Gray,,,,,https://retail.photos.vin/WBY33AW08PFP10013-1.jpg,https://www.carfax.com/VehicleHistory/p/Report.cfx?vin=WBY33AW08PFP10013&partner=FRD_2,33.00983,-96.76955,752
2026-08-23,bmw-i4-m50,National,WBY33AW08PFN81710,2023,M50,54802,38490,Maserati of Bergen County,Upper Saddle River,NJ,2026-08-09,https://www.carfax.com/vehicle/WBY33AW08PFN81710,67300,Gray,,1,1,Personal Use,https://retail.photos.vin/WBY33AW08PFN81710-1.jpg,https://www.carfax.com/VehicleHistory/p/Report.cfx?vin=WBY33AW08PFN81710&partner=FRD_2,41.04678,-74.11728,565
2026-08-23,bmw-i4-m50,National,WBY33AW08PFP09539,2023,M50,46842,38745,Helfman CDJR Alfa Romeo Fiat Maserati,Houston,TX,2026-08-21,https://www.carfax.com/vehicle/WBY33AW08PFP09539,67300,White,,2,1,Multiple Use,https://retail.photos.vin/WBY33AW08PFP09539-1.jpg,https://www.carfax.com/VehicleHistory/p/Report.cfx?vin=WBY33AW08PFP09539&partner=FRD_2,29.78569,-95.46942,868
2026-08-23,bmw-i4-m50,National,WBY33AW04PFR32354,2023,M50,35820,38951,Cardinale Nissan,Seaside,CA,2026-08-09,https://www.carfax.com/vehicle/WBY33AW04PFR32354,67300,White,,1,0,Personal Use,https://retail.photos.vin/WBY33AW04PFR32354-1.jpg,https://www.carfax.com/VehicleHistory/p/Report.cfx?vin=WBY33AW04PFR32354&partner=FRD_2,36.61087,-121.8502,1855
2026-08-23,bmw-i4-m50,National,WBY33AW04PFP54493,2023,M50,39988,40341,Crystal Auto Group,Houston,TX,2026-08-04,https://www.autolist.com/bmw-i4#vin=WBY33AW04PFP54493,67300,Orange,,,,,https://retail.photos.vin/WBY33AW04PFP54493-1.jpg,https://www.carfax.com/VehicleHistory/p/Report.cfx?vin=WBY33AW04PFP54493&partner=FRD_2,29.73509,-95.52164,872
2026-08-23,bmw-i4-m50,National,WBY33AW06PFP00371,2023,M50,46091,40698,Stevens Creek Mazda,San Jose,CA,2026-07-02,https://www.autolist.com/bmw-i4#vin=WBY33AW06PFP00371,67300,Gray,,,,,https://retail.photos.vin/WBY33AW06PFP00371-1.jpg,https://www.carfax.com/VehicleHistory/p/Report.cfx?vin=WBY33AW06PFP00371&partner=FRD_2,37.3063,-122.00042,1845
2026-08-23,bmw-i4-m50,National,WBY33AW03PFP49947,2023,M50,1483,40898,	 Drive A Dream,Marietta,GA,2026-08-16,https://www.autolist.com/bmw-i4#vin=WBY33AW03PFP49947,67300,Brown,,,,,https://retail.photos.vin/WBY33AW03PFP49947-1.jpg,https://www.carfax.com/VehicleHistory/p/Report.cfx?vin=WBY33AW03PFP49947&partner=FRD_2,33.98041,-84.55517,354
2026-08-23,bmw-i4-m50,National,WBY33AW03PFN68119,2023,M50,45086,40990,Land Rover Cerritos,Cerritos,CA,2026-08-17,https://www.autolist.com/bmw-i4#vin=WBY33AW03PFN68119,67300,Gray,,1,0,Personal Use,https://retail.photos.vin/WBY33AW03PFN68119-1.jpg,https://www.carfax.com/VehicleHistory/p/Report.cfx?vin=WBY33AW03PFN68119&partner=FRD_2,33.86606,-118.10274,1742
2026-08-23,bmw-i4-m50,National,WBY33AW09PFP07167,2023,M50,40356,40999,Capital Ford of Charlotte,Charlotte,NC,2026-08-09,https://www.carfax.com/vehicle/WBY33AW09PFP07167,67300,Blue,,2,0,Multiple Use,https://retail.photos.vin/WBY33AW09PFP07167-1.jpg,https://www.carfax.com/VehicleHistory/p/Report.cfx?vin=WBY33AW09PFP07167&partner=FRD_2,35.2613,-80.77671,336
2026-08-23,bmw-i4-m50,National,WBY33AW0XPFR41477,2023,M50,56912,41167,Alfa Romeo of Marietta,Marietta,GA,2026-07-18,https://www.autolist.com/bmw-i4#vin=WBY33AW0XPFR41477,67300,Black,,,,,https://retail.photos.vin/WBY33AW0XPFR41477-1.jpg,https://www.carfax.com/VehicleHistory/p/Report.cfx?vin=WBY33AW0XPFR41477&partner=FRD_2,33.92619,-84.54828,358
2026-08-24,bmw-i5-edrive40,Chicago,WBY33FK09RCP96469,2024,eDrive40,15707,45717,rosen nissan of madison llc,Madison,WI,2026-08-09,https://rosennissanmadison.com/certified/BMW/2024-BMW-i5-7106ba6eac1824b1018118ba11304b66.htm,,Mineral White Metallic,1,2,0,Multiple Use,https://retail.photos.vin/WBY33FK09RCP96469-1.jpg,https://www.carfax.com/VehicleHistory/p/Report.cfx?vin=WBY33FK09RCP96469&partner=FRD_2,43.03642,-89.42127,121
2026-08-24,bmw-i5-edrive40,Indianapolis,WBY33FK09RCR14004,2024,eDrive40,15722,47359,Dreyer & Reinbold BMW MINI,Indianapolis,IN,2026-08-09,https://www.carfax.com/vehicle/WBY33FK09RCR14004,66800,White,,0,0,Personal Use,https://retail.photos.vin/WBY33FK09RCR14004-1.jpg,https://www.carfax.com/VehicleHistory/p/Report.cfx?vin=WBY33FK09RCR14004&partner=FRD_2,39.923,-86.11407,11
2026-08-24,bmw-i5-edrive40,National,WBY33FK02RCP44486,2024,eDrive40,37722,34551,BMW of San Francisco,San Francisco,CA,2026-05-10,https://www.autolist.com/bmw-i5#vin=WBY33FK02RCP44486,66800,White,,,,,https://retail.photos.vin/WBY33FK02RCP44486-1.jpg,https://www.carfax.com/VehicleHistory/p/Report.cfx?vin=WBY33FK02RCP44486&partner=FRD_2,37.77086,-122.4174,1855
2026-08-24,bmw-i5-edrive40,National,WBY33FK02RCS81412,2024,eDrive40,35129,36989,EVO Motors,Seffner,FL,2026-08-09,https://www.carfax.com/vehicle/WBY33FK02RCS81412,66800,Gray,,1,1,Rental Use,https://retail.photos.vin/WBY33FK02RCS81412-1.jpg,https://www.carfax.com/VehicleHistory/p/Report.cfx?vin=WBY33FK02RCS81412&partner=FRD_2,28.00159,-82.29885,777
2026-08-24,bmw-i5-edrive40,National,WBY33FK01RCR76593,2024,eDrive40,51313,37598,bmw mini of monrovia,Monrovia,CA,2026-08-09,https://bmwofmonrovia.net/used/BMW/2024-BMW-i5-near-Los-Angeles-8f8c4b20ac180aac8449eac6ee9c2f25.htm,,Black Sapphire Metallic,,2,0,Personal Use,https://retail.photos.vin/WBY33FK01RCR76593-1.jpg,https://www.carfax.com/VehicleHistory/p/Report.cfx?vin=WBY33FK01RCR76593&partner=FRD_2,34.1519,-118.65439,1761
2026-08-24,bmw-i5-edrive40,National,WBY33FK08RCS83536,2024,eDrive40,17263,37868,Courtesy Chevrolet Center,San Diego,CA,2026-07-11,https://www.autolist.com/bmw-i5#vin=WBY33FK08RCS83536,66800,Alpine White,,1,1,Rental Use,https://retail.photos.vin/WBY33FK08RCS83536-1.jpg,https://www.carfax.com/VehicleHistory/p/Report.cfx?vin=WBY33FK08RCS83536&partner=FRD_2,32.76503,-117.15738,1730
2026-08-24,bmw-i5-edrive40,National,WBY33FK06RCR58557,2024,eDrive40,37394,38521,Capitol Nissan,San Jose,CA,2026-04-29,https://www.autolist.com/bmw-i5#vin=WBY33FK06RCR58557,66800,White,,,,,https://retail.photos.vin/WBY33FK06RCR58557-1.jpg,https://www.carfax.com/VehicleHistory/p/Report.cfx?vin=WBY33FK06RCR58557&partner=FRD_2,37.27062,-121.85132,1838
2026-08-24,bmw-i5-edrive40,National,WBY33FK02RCS83564,2024,eDrive40,20224,38698,South Bay Hyundai,Torrance,CA,2026-08-09,https://www.carfax.com/vehicle/WBY33FK02RCS83564,66800,White,,1,0,Rental Use,https://retail.photos.vin/WBY33FK02RCS83564-1.jpg,https://www.carfax.com/VehicleHistory/p/Report.cfx?vin=WBY33FK02RCS83564&partner=FRD_2,33.84595,-118.35407,1755
2026-08-24,bmw-i5-edrive40,National,WBY33FK00RCR12965,2024,eDrive40,47618,39995,Family Auto,Salt Lake City,UT,2026-08-15,https://www.autolist.com/bmw-i5#vin=WBY33FK00RCR12965,66800,Gray,,1,1,Personal Use,https://retail.photos.vin/WBY33FK00RCR12965-1.jpg,https://www.carfax.com/VehicleHistory/p/Report.cfx?vin=WBY33FK00RCR12965&partner=FRD_2,40.73269,-111.89932,1258
2026-08-24,bmw-i5-edrive40,National,WBY33FK08RCP70798,2024,eDrive40,47982,40083,BMW of Riverside,Riverside,CA,2026-08-17,https://www.carfax.com/vehicle/WBY33FK08RCP70798,66800,Black,,1,0,Personal Use,https://retail.photos.vin/WBY33FK08RCP70798-1.jpg,https://www.carfax.com/VehicleHistory/p/Report.cfx?vin=WBY33FK08RCP70798&partner=FRD_2,33.9231,-117.41679,1705
2026-08-24,bmw-i5-edrive40,National,WBY33FK06RCR47204,2024,eDrive40,31382,40897,Platinum Cars Marietta,Marietta,GA,2026-08-09,https://www.carfax.com/vehicle/WBY33FK06RCR47204,66800,Black,,2,0,Personal Use,https://retail.photos.vin/WBY33FK06RCR47204-1.jpg,https://www.carfax.com/VehicleHistory/p/Report.cfx?vin=WBY33FK06RCR47204&partner=FRD_2,33.92204,-84.50384,358
2026-08-24,bmw-i5-edrive40,National,WBY33FK05RCS80027,2024,eDrive40,29317,40990,Carvana,Sacramento,CA,2026-08-11,https://www.carvana.com/vehicle/4571921,66800,Black,,2,0,Rental Use,https://retail.photos.vin/WBY33FK05RCS80027-1.jpg,https://www.carfax.com/VehicleHistory/p/Report.cfx?partner=CVN_0&vin=WBY33FK05RCS80027,0.0,0.0,5924
2026-08-24,bmw-i5-edrive40,National,WBY33FK00RCP55213,2024,eDrive40,37462,40998,lone star chevrolet,Houston,TX,2026-08-09,https://lonestarchevrolet.com/used/BMW/2024-BMW-i5-e2462dbcac185c3035c89e23d62761b7.htm,,Mineral White Metallic,,1,0,Personal Use,https://retail.photos.vin/WBY33FK00RCP55213-1.jpg,https://www.carfax.com/VehicleHistory/p/Report.cfx?vin=WBY33FK00RCP55213&partner=FRD_2,29.67678,-95.54202,876
2026-08-24,bmw-i5-edrive40,National,WBY33FK09RCP87626,2024,eDrive40,24472,41477,hendrick chrysler dodge jeep ram fiat wilmington,Wilmington,NC,2026-08-09,https://hendrickjeepwilmington.com/certified/BMW/2024-BMW-i5-wilmington-83343a8eac182bd95ba357c75b448ab1.htm,,,1,,,,https://retail.photos.vin/WBY33FK09RCP87626-1.jpg,https://www.carfax.com/VehicleHistory/p/Report.cfx?vin=WBY33FK09RCP87626&partner=FRD_2,0.0,0.0,5924
2026-08-24,bmw-i5-edrive40,National,WBY33FK06RCR50278,2024,eDrive40,40525,41990,niello bmw sacramento,Sacramento,CA,2026-08-16,https://niello.com/certified/BMW/2024-BMW-i5-06a2060dac1846fa1e332511092a5081.htm,,Black Sapphire Metallic,1,2,0,Multiple Use,https://retail.photos.vin/WBY33FK06RCR50278-1.jpg,https://www.carfax.com/VehicleHistory/p/Report.cfx?vin=WBY33FK06RCR50278&partner=FRD_2,38.40288,-121.38927,1788
2026-08-24,bmw-i5-edrive40,National,WBY33FK04RCS86613,2024,eDrive40,32616,41990,Carvana,Tampa,FL,2026-08-20,https://www.carvana.com/vehicle/4627712,66800,White,,,,,https://retail.photos.vin/WBY33FK04RCS86613-1.jpg,https://www.carfax.com/VehicleHistory/p/Report.cfx?partner=CVN_0&vin=WBY33FK04RCS86613,0.0,0.0,5924
2026-08-24,bmw-i5-edrive40,National,WBY33FK05RCS37890,2024,eDrive40,18143,42072,Audi Van Nuys,Sherman Oaks,CA,2026-08-09,https://www.carfax.com/vehicle/WBY33FK05RCS37890,66800,Gray,,2,0,Multiple Use,https://retail.photos.vin/WBY33FK05RCS37890-1.jpg,https://www.carfax.com/VehicleHistory/p/Report.cfx?vin=WBY33FK05RCS37890&partner=FRD_2,34.16598,-118.44923,1750
2026-08-24,bmw-i5-edrive40,National,WBY33FK01RCS76878,2024,eDrive40,19147,42084,Audi West Covina,West Covina,CA,2026-08-09,https://www.carfax.com/vehicle/WBY33FK01RCS76878,66800,Black,,1,0,Rental Use,https://retail.photos.vin/WBY33FK01RCS76878-1.jpg,https://www.carfax.com/VehicleHistory/p/Report.cfx?vin=WBY33FK01RCS76878&partner=FRD_2,34.07124,-117.90144,1725
2026-08-24,bmw-i5-edrive40,National,WBY33FK06RCR93843,2024,eDrive40,21736,42226,BMW of Buena Park,Buena Park,CA,2026-08-09,https://bmwbuenapark.com/used/BMW/2024-BMW-i5-674d649fac1851c1ca6e0f38917fdd8a.htm,66800,Alpine White,,1,0,Personal Use,https://retail.photos.vin/WBY33FK06RCR93843-1.jpg,https://www.carfax.com/VehicleHistory/p/Report.cfx?vin=WBY33FK06RCR93843&partner=FRD_2,33.862,-117.989,1736
2026-08-24,bmw-i5-edrive40,National,WBY33FK08RCR89549,2024,eDrive40,16217,42250,ecarone,Plano,TX,2026-08-20,https://ecarone.com/used/BMW/2024-BMW-i5-near-dallas-tx-1cb49c13ac1832e951f5fea7d2565774.htm,,Black Sapphire Metallic,,1,0,Personal Use,https://retail.photos.vin/WBY33FK08RCR89549-1.jpg,https://www.carfax.com/VehicleHistory/p/Report.cfx?vin=WBY33FK08RCR89549&partner=FRD_2,33.01525,-96.77679,752
2026-08-24,bmw-i5-edrive40,National,WBY33FK02RCS61015,2024,eDrive40,17289,42500,BMVW Auto Sales,Union City,GA,2026-08-11,https://www.carfax.com/vehicle/WBY33FK02RCS61015,66800,Gray,,1,1,Personal Use,https://retail.photos.vin/WBY33FK02RCS61015-1.jpg,https://www.carfax.com/VehicleHistory/p/Report.cfx?vin=WBY33FK02RCS61015&partner=FRD_2,33.57069,-84.53822,382
2026-08-24,bmw-i5-edrive40,National,WBY33FK0XRCP53727,2024,eDrive40,39477,42531,hendrick chrysler dodge jeep ram fiat wilmington,Wilmington,NC,2026-08-09,https://hendrickjeepwilmington.com/certified/BMW/2024-BMW-i5-wilmington-958c9337ac184d2b5dd6c1626994b4ce.htm,,,1,,,,https://retail.photos.vin/WBY33FK0XRCP53727-1.jpg,https://www.carfax.com/VehicleHistory/p/Report.cfx?vin=WBY33FK0XRCP53727&partner=FRD_2,0.0,0.0,5924
2026-08-24,bmw-i5-edrive40,National,WBY33FK09RCP95158,2024,eDrive40,35049,42977,hendrick chrysler dodge jeep ram fiat wilmington,Wilmington,NC,2026-08-09,https://hendrickjeepwilmington.com/certified/BMW/2024-BMW-i5-wilmington-89e389a5ac184d2b5dd6c162eb4505c1.htm,,,1,,,,https://retail.photos.vin/WBY33FK09RCP95158-1.jpg,https://www.carfax.com/VehicleHistory/p/Report.cfx?vin=WBY33FK09RCP95158&partner=FRD_2,0.0,0.0,5924
2026-08-24,bmw-i5-edrive40,National,WBY33FK03RCR30750,2024,eDrive40,30167,42987,Versatile Collection,Alpharetta,GA,2026-08-14,https://vc-car.com/vdp/24194579/Used-2024-BMW-i5-eDrive40-Sedan-Premium-Luxury-Tech-HUD-HID-LED-XM-for-sale-in-Alpharetta-GA-30075,66800,Black,,1,0,Personal Use,https://retail.photos.vin/WBY33FK03RCR30750-1.jpg,https://www.carfax.com/VehicleHistory/p/Report.cfx?vin=WBY33FK03RCR30750&partner=FRD_2,34.13692,-84.24788,343
2026-08-24,bmw-i5-edrive40,National,WBY33FK03RCS37886,2024,eDrive40,22912,42990,Carvana,Atlanta,GA,2026-08-19,https://www.carvana.com/vehicle/4657282,66800,Black,,,,,https://retail.photos.vin/WBY33FK03RCS37886-1.jpg,https://www.carfax.com/VehicleHistory/p/Report.cfx?partner=CVN_0&vin=WBY33FK03RCS37886,0.0,0.0,5924
2026-08-24,bmw-i5-edrive40,National,WBY33FK06RCN91322,2024,eDrive40,19174,42997,BMW of Denver Downtown,Denver,CO,2026-08-09,https://www.carfax.com/vehicle/WBY33FK06RCN91322,66800,Gray,,1,0,Personal Use,https://retail.photos.vin/WBY33FK06RCN91322-1.jpg,https://www.carfax.com/VehicleHistory/p/Report.cfx?vin=WBY33FK06RCN91322&partner=FRD_2,39.69757,-104.94,917
2026-08-24,bmw-i5-edrive40,National,WBY33FK01RCS37885,2024,eDrive40,32592,42998,CarMax Houston Katy Freeway,Katy,TX,2026-07-30,https://www.autolist.com/bmw-i5#vin=WBY33FK01RCS37885,66800,Black Sapphire Metallic,,,,,https://retail.photos.vin/WBY33FK01RCS37885-1.jpg,https://www.carfax.com/VehicleHistory/p/Report.cfx?vin=WBY33FK01RCS37885&partner=FRD_2,29.78713,-95.74281,877
2026-08-24,bmw-i5-edrive40,National,WBY33FK08RCR89213,2024,eDrive40,18092,42999,bmw mini of monrovia,Monrovia,CA,2026-08-17,https://bmwofmonrovia.net/used/BMW/2024-BMW-i5-near-Los-Angeles-0afe99a4ac18341fab2e75cbb2ea51e4.htm,,Dark Graphite Metallic,,1,0,Personal Use,https://retail.photos.vin/WBY33FK08RCR89213-1.jpg,https://www.carfax.com/VehicleHistory/p/Report.cfx?vin=WBY33FK08RCR89213&partner=FRD_2,34.06163,-118.34018,1747
2026-08-24,bmw-i5-edrive40,National,WBY33FK05RCS41308,2024,eDrive40,18056,43590,Carvana,,,2026-08-18,https://www.carvana.com/vehicle/4660938,66800,Black,,,,,https://retail.photos.vin/WBY33FK05RCS41308-1.jpg,https://www.carfax.com/VehicleHistory/p/Report.cfx?partner=CVN_0&vin=WBY33FK05RCS41308,0.0,0.0,5924
2026-08-24,bmw-i5-edrive40,National,WBY33FK09RCR29277,2024,eDrive40,26983,43590,Carvana,Indianapolis,IN,2026-08-11,https://www.carvana.com/vehicle/4620141,66800,Gray,,2,0,Lease,https://retail.photos.vin/WBY33FK09RCR29277-1.jpg,https://www.carfax.com/VehicleHistory/p/Report.cfx?partner=CVN_0&vin=WBY33FK09RCR29277,0.0,0.0,5924
2026-08-24,bmw-i5-edrive40,National,WBY33FK07RCR83662,2024,eDrive40,6702,43694,Corwin Buick GMC Cadillac Reno,Reno,NV,2026-08-09,https://www.corwinbuickgmcreno.com/used-Reno-2024-BMW-i5-eDrive40-WBY33FK07RCR83662,66800,Gray,,0,0,Vehicle Use,https://retail.photos.vin/WBY33FK07RCR83662-1.jpg,https://www.carfax.com/VehicleHistory/p/Report.cfx?vin=WBY33FK07RCR83662&partner=FRD_2,39.51739,-119.7879,1683
2026-08-24,bmw-i5-edrive40,National,WBY33FK05RCS39462,2024,eDrive40,16158,43815,Polestar Austin,Austin,TX,2026-06-25,https://www.autolist.com/bmw-i5#vin=WBY33FK05RCS39462,66800,White,,1,0,Rental Use,https://retail.photos.vin/WBY33FK05RCS39462-1.jpg,https://www.carfax.com/VehicleHistory/p/Report.cfx?vin=WBY33FK05RCS39462&partner=FRD_2,30.35213,-97.73344,921
2026-08-24,bmw-i5-edrive40,National,WBY33FK07RCS39463,2024,eDrive40,31746,43990,Carvana,Atlanta,GA,2026-08-11,https://www.carvana.com/vehicle/4635723,66800,White,,1,0,Rental Use,https://retail.photos.vin/WBY33FK07RCS39463-1.jpg,https://www.carfax.com/VehicleHistory/p/Report.cfx?partner=CVN_0&vin=WBY33FK07RCS39463,0.0,0.0,5924
2026-08-24,bmw-i5-edrive40,National,WBY33FK00RCS84678,2024,eDrive40,14383,43990,Carvana,Atlanta,GA,2026-08-18,https://www.carvana.com/vehicle/4662114,66800,White,,,,,https://retail.photos.vin/WBY33FK00RCS84678-1.jpg,https://www.carfax.com/VehicleHistory/p/Report.cfx?partner=CVN_0&vin=WBY33FK00RCS84678,0.0,0.0,5924
2026-08-24,bmw-i5-edrive40,National,WBY33FK09RCS35723,2024,eDrive40,31492,43995,BMW of The Woodlands,The Woodlands,TX,2026-08-09,https://bmwofthewoodlands.com/used/BMW/2024-BMW-i5-bed898c8ac1843b4d08f34f950be5f76.htm,66800,Alpine White,,2,1,Multiple Use,https://retail.photos.vin/WBY33FK09RCS35723-1.jpg,https://www.carfax.com/VehicleHistory/p/Report.cfx?vin=WBY33FK09RCS35723&partner=FRD_2,30.198,-95.457,844
2026-08-24,bmw-i5-edrive40,National,WBY33FK00RCP89054,2024,eDrive40,30462,43997,BMW of Bridgewater,Bridgewater,NJ,2026-08-13,https://www.bmwofbridgewater.com/viewdetails/cpo/wby33fk00rcp89054/2024-bmw-i5-4dr-car?type=finance,66800,White,,1,0,Personal Use,https://retail.photos.vin/WBY33FK00RCP89054-1.jpg,https://www.carfax.com/VehicleHistory/p/Report.cfx?vin=WBY33FK00RCP89054&partner=FRD_2,40.60264,-74.62419,534
2026-08-24,bmw-i5-edrive40,National,WBY33FK0XRCP37866,2024,eDrive40,21404,44079,Stevens Creek BMW,Santa Clara,CA,2026-08-11,https://www.carfax.com/vehicle/WBY33FK0XRCP37866,66800,White,,1,0,Personal Use,https://retail.photos.vin/WBY33FK0XRCP37866-1.jpg,https://www.carfax.com/VehicleHistory/p/Report.cfx?vin=WBY33FK0XRCP37866&partner=FRD_2,37.32375,-121.97793,1843
2026-08-24,bmw-i5-edrive40,National,WBY33FK01RCP92870,2024,eDrive40,22977,44083,BMW of Riverside,Riverside,CA,2026-08-09,https://www.carfax.com/vehicle/WBY33FK01RCP92870,66800,White,,1,1,Personal Use,https://retail.photos.vin/WBY33FK01RCP92870-1.jpg,https://www.carfax.com/VehicleHistory/p/Report.cfx?vin=WBY33FK01RCP92870&partner=FRD_2,33.9231,-117.41679,1705
2026-08-24,bmw-i5-edrive40,National,WBY33FK02RCS84701,2024,eDrive40,23043,44131,BMW Northwest Arkansas,Bentonville,AR,2026-08-09,https://www.carfax.com/vehicle/WBY33FK02RCS84701,66800,Black,,1,0,Rental Use,https://retail.photos.vin/WBY33FK02RCS84701-1.jpg,https://www.carfax.com/VehicleHistory/p/Report.cfx?vin=WBY33FK02RCS84701&partner=FRD_2,36.34578,-94.18438,496
2026-08-24,bmw-i5-edrive40,National,WBY33FK03SCT63915,2025,eDrive40,15282,44514,Clearwater INFINITI,Clearwater,FL,2026-08-09,https://www.carfax.com/vehicle/WBY33FK03SCT63915,67100,Black,,1,0,Rental Use,https://retail.photos.vin/WBY33FK03SCT63915-1.jpg,https://www.carfax.com/VehicleHistory/p/Report.cfx?vin=WBY33FK03SCT63915&partner=FRD_2,27.95201,-82.73102,777
2026-08-24,bmw-i5-edrive40,National,WBY33FK00SCT64147,2025,eDrive40,18073,44588,University Mitsubishi,Davie,FL,2026-08-15,https://www.autolist.com/bmw-i5#vin=WBY33FK00SCT64147,67100,Gray,,1,0,Rental Use,https://retail.photos.vin/WBY33FK00SCT64147-1.jpg,https://www.carfax.com/VehicleHistory/p/Report.cfx?vin=WBY33FK00SCT64147&partner=FRD_2,26.05406,-80.2532,935
2026-08-24,bmw-i5-edrive40,National,WBY33FK00RCR93000,2024,eDrive40,1899,54459,BMW of Spokane,Spokane,WA,2026-08-09,https://www.bmwofspokane.com/used-Spokane-2024-BMW-i5-eDrive40-WBY33FK00RCR93000,66800,White,,0,0,Vehicle Use,https://retail.photos.vin/WBY33FK00RCR93000-1.jpg,https://www.carfax.com/VehicleHistory/p/Report.cfx?vin=WBY33FK00RCR93000&partner=FRD_2,47.67884,-117.40748,1504
2026-08-24,bmw-i5-edrive40,National,WBY33FK08SCU88019,2025,eDrive40,2637,49000,Drive A Dream,Marietta,GA,2026-07-29,https://www.autolist.com/bmw-i5#vin=WBY33FK08SCU88019,67100,Alpine White,,1,0,Corporate Fleet,https://retail.photos.vin/WBY33FK08SCU88019-1.jpg,https://www.carfax.com/VehicleHistory/p/Report.cfx?vin=WBY33FK08SCU88019&partner=FRD_2,33.98041,-84.55517,354
2026-08-24,bmw-i5-edrive40,National,WBY33FK03RCP55559,2024,eDrive40,5171,45999,bmw mini of monrovia,Monrovia,CA,2026-08-09,https://bmwofmonrovia.net/certified/BMW/2024-BMW-i5-near-Los-Angeles-ca9ec478ac1854b88187b0c1815b8aba.htm,,Alpine White,1,1,0,Personal Use,https://retail.photos.vin/WBY33FK03RCP55559-1.jpg,https://www.carfax.com/VehicleHistory/p/Report.cfx?vin=WBY33FK03RCP55559&partner=FRD_2,34.06163,-118.34018,1747
2026-08-24,bmw-i5-edrive40,National,WBY33FK0XSCU70010,2025,eDrive40,5770,49164,Mercedes-Benz of Chandler,Chandler,AZ,2026-06-24,https://www.autolist.com/bmw-i5#vin=WBY33FK0XSCU70010,67100,Black Sapphire Metallic,,1,0,Lease,https://retail.photos.vin/WBY33FK0XSCU70010-1.jpg,https://www.carfax.com/VehicleHistory/p/Report.cfx?vin=WBY33FK0XSCU70010&partner=FRD_2,33.32352,-111.97064,1452
2026-08-24,bmw-i5-edrive40,National,WBY33FK04SCT75975,2025,eDrive40,6403,49640,Alfa Romeo of Plano,Plano,TX,2026-08-09,https://www.carfax.com/vehicle/WBY33FK04SCT75975,67100,Red,,1,1,Corporate Use,https://retail.photos.vin/WBY33FK04SCT75975-1.jpg,https://www.carfax.com/VehicleHistory/p/Report.cfx?vin=WBY33FK04SCT75975&partner=FRD_2,33.01495,-96.78322,752
2026-08-24,bmw-i5-edrive40,National,WBY33FK06SCU73471,2025,eDrive40,6660,53476,Tom Bush BMW Jacksonville,Jacksonville,FL,2026-08-12,https://www.tombushbmw.com/used-Jacksonville-2025-BMW-i5-eDrive40-WBY33FK06SCU73471,67100,Gray,,2,0,Multiple Use,https://retail.photos.vin/WBY33FK06SCU73471-1.jpg,https://www.carfax.com/VehicleHistory/p/Report.cfx?vin=WBY33FK06SCU73471&partner=FRD_2,30.32337,-81.54259,630
2026-08-24,bmw-i5-edrive40,National,WBY33FK06SCU63880,2025,eDrive40,6819,49500,nalley bmw,Decatur,GA,2026-08-09,https://nalleybmw.com/used/BMW/2025-BMW-i5-in-Atlanta-7b35269aac18013719a6da34dc4e0804.htm,,Mineral White,,2,0,Multiple Use,https://retail.photos.vin/WBY33FK06SCU63880-1.jpg,https://www.carfax.com/VehicleHistory/p/Report.cfx?vin=WBY33FK06SCU63880&partner=FRD_2,34.05967,-84.324,349
2026-08-24,bmw-i5-edrive40,National,WBY33FK06RCR84771,2024,eDrive40,7782,48749,Impex Auto Sales,Greensboro,NC,2026-08-09,https://www.carfax.com/vehicle/WBY33FK06RCR84771,66800,Black,,1,0,Personal Use,https://retail.photos.vin/WBY33FK06RCR84771-1.jpg,https://www.carfax.com/VehicleHistory/p/Report.cfx?vin=WBY33FK06RCR84771&partner=FRD_2,36.01541,-79.84421,333
2026-08-24,bmw-i5-edrive40,National,WBY33FK09SCT65958,2025,eDrive40,9184,51588,BMW of Las Vegas,Las Vegas,NV,2026-08-09,https://bmwvegas.com/certified/BMW/2025-BMW-i5-b9b2a649ac18131151cd1f59eab9849b.htm,67100,Mineral White Metallic,1,1,0,Personal Use,https://retail.photos.vin/WBY33FK09SCT65958-1.jpg,https://www.carfax.com/VehicleHistory/p/Report.cfx?vin=WBY33FK09SCT65958&partner=FRD_2,36.145,-115.245,1528
2026-08-24,bmw-i5-edrive40,National,WBY33FK05RCR93025,2024,eDrive40,9360,48952,Richmond BMW,Henrico,VA,2026-08-19,https://www.autolist.com/bmw-i5#vin=WBY33FK05RCR93025,66800,Gray,,1,0,Personal Use,https://retail.photos.vin/WBY33FK05RCR93025-1.jpg,https://www.carfax.com/VehicleHistory/p/Report.cfx?vin=WBY33FK05RCR93025&partner=FRD_2,37.63378,-77.54146,391
2026-08-24,bmw-i5-edrive40,National,WBY33FK09RCP36448,2024,eDrive40,9963,55396,bmw of roxbury,Kenvil,NJ,2026-08-24,https://bmwrox.com/inventory/Used-2024-BMW-i5-eDrive40-WBY33FK09RCP36448,,Black Sapphire Metallic,,,,,https://retail.photos.vin/WBY33FK09RCP36448-1.jpg,https://www.carfax.com/VehicleHistory/p/Report.cfx?vin=WBY33FK09RCP36448&partner=FRD_2,0.0,0.0,5924
2026-08-24,bmw-i5-edrive40,National,WBY33FK09SCT64650,2025,eDrive40,10449,46590,Carvana,Indianapolis,IN,2026-08-11,https://www.carvana.com/vehicle/4472222,67100,White,,1,0,Corporate Fleet,https://retail.photos.vin/WBY33FK09SCT64650-1.jpg,https://www.carfax.com/VehicleHistory/p/Report.cfx?partner=CVN_0&vin=WBY33FK09SCT64650,0.0,0.0,5924
2026-08-24,bmw-i5-edrive40,National,WBY33FK09SCT13763,2025,eDrive40,10456,48884,BMW of Ocala,Ocala,FL,2026-08-09,https://www.carfax.com/vehicle/WBY33FK09SCT13763,67100,Gray,,1,0,Personal Use,https://retail.photos.vin/WBY33FK09SCT13763-1.jpg,https://www.carfax.com/VehicleHistory/p/Report.cfx?vin=WBY33FK09SCT13763&partner=FRD_2,29.13059,-82.20544,701
2026-08-24,bmw-i5-edrive40,National,WBY33FK08RCR39315,2024,eDrive40,11278,49746,North Fort Lauderdale Subaru,Fort Lauderdale,FL,2026-08-22,https://www.carfax.com/vehicle/WBY33FK08RCR39315,66800,Gray,,1,0,Personal Use,https://retail.photos.vin/WBY33FK08RCR39315-1.jpg,https://www.carfax.com/VehicleHistory/p/Report.cfx?vin=WBY33FK08RCR39315&partner=FRD_2,26.20687,-80.14222,926
2026-08-24,bmw-i5-edrive40,National,WBY33FK06RCR39314,2024,eDrive40,12705,74709,BMW MINI of Shawnee Mission,Mission,KS,2026-08-09,https://www.carfax.com/vehicle/WBY33FK06RCR39314,66800,Black,,0,0,Vehicle Use,https://retail.photos.vin/WBY33FK06RCR39314-1.jpg,https://www.carfax.com/VehicleHistory/p/Report.cfx?vin=WBY33FK06RCR39314&partner=FRD_2,39.01597,-94.69147,421
2026-08-24,bmw-i5-edrive40,National,WBY33FK03RCR06660,2024,eDrive40,13106,47998,CarMax Laurel,Laurel,MD,2026-08-03,https://www.autolist.com/bmw-i5#vin=WBY33FK03RCR06660,66800,Black,,,,,https://retail.photos.vin/WBY33FK03RCR06660-1.jpg,https://www.carfax.com/VehicleHistory/p/Report.cfx?vin=WBY33FK03RCR06660&partner=FRD_2,39.12771,-76.82515,412
2026-08-24,bmw-i5-edrive40,National,WBY33FK04RCR29347,2024,eDrive40,13291,46882,BMW of Norwood,Norwood,MA,2026-08-09,https://www.carfax.com/vehicle/WBY33FK04RCR29347,66800,Black,,1,1,Personal Use,https://retail.photos.vin/WBY33FK04RCR29347-1.jpg,https://www.carfax.com/VehicleHistory/p/Report.cfx?vin=WBY33FK04RCR29347&partner=FRD_2,42.18027,-71.18757,729
2026-08-24,bmw-i5-edrive40,National,WBY33FK03RCS03415,2024,eDrive40,13982,46395,BMW of Roxbury,Kenvil,NJ,2026-08-20,https://www.carfax.com/vehicle/WBY33FK03RCS03415,66800,Black,,1,0,Corporate Use,https://retail.photos.vin/WBY33FK03RCS03415-1.jpg,https://www.carfax.com/VehicleHistory/p/Report.cfx?vin=WBY33FK03RCS03415&partner=FRD_2,40.87852,-74.63585,537
2026-08-24,bmw-i5-edrive40,National,WBY33FK07RCR64187,2024,eDrive40,14217,49050,Auto Web Expo,Plano,TX,2026-08-04,https://www.autolist.com/bmw-i5#vin=WBY33FK07RCR64187,66800,Black Sapphire Metallic,,1,0,Personal Use,https://retail.photos.vin/WBY33FK07RCR64187-1.jpg,https://www.carfax.com/VehicleHistory/p/Report.cfx?vin=WBY33FK07RCR64187&partner=FRD_2,33.01636,-96.78199,752
2026-08-24,bmw-i5-edrive40,National,WBY33FK08RCR50315,2024,eDrive40,14318,49999,bmw mini of monrovia,Monrovia,CA,2026-08-20,https://bmwofmonrovia.net/certified/BMW/2024-BMW-i5-near-Los-Angeles-1a726a0aac1846fa1e33251141ec8733.htm,,Tanzanite Blue II Metallic,1,1,0,Personal Use,https://retail.photos.vin/WBY33FK08RCR50315-1.jpg,https://www.carfax.com/VehicleHistory/p/Report.cfx?vin=WBY33FK08RCR50315&partner=FRD_2,34.06163,-118.34018,1747
2026-08-24,bmw-i5-edrive40,National,WBY33FK05RCS22435,2024,eDrive40,14520,54215,Sewell BMW Mini of Plano,Plano,TX,2026-08-16,https://www.carfax.com/vehicle/WBY33FK05RCS22435,66800,Gray,,0,0,Vehicle Use,https://retail.photos.vin/WBY33FK05RCS22435-1.jpg,https://www.carfax.com/VehicleHistory/p/Report.cfx?vin=WBY33FK05RCS22435&partner=FRD_2,33.06633,-96.82124,751
2026-08-24,bmw-i5-edrive40,National,WBY33FK00RCR89528,2024,eDrive40,14811,51698,Braman BMW West Palm Beach,West Palm Beach,FL,2026-08-09,https://www.carfax.com/vehicle/WBY33FK00RCR89528,66800,Gray,,1,0,Personal Use,https://retail.photos.vin/WBY33FK00RCR89528-1.jpg,https://www.carfax.com/VehicleHistory/p/Report.cfx?vin=WBY33FK00RCR89528&partner=FRD_2,26.7073,-80.09837,894
2026-08-24,bmw-i5-edrive40,National,WBY33FK05SCU88074,2025,eDrive40,15143,50108,BMW of Austin,Austin,TX,2026-07-29,https://www.autolist.com/bmw-i5#vin=WBY33FK05SCU88074,67100,Mineral White Metallic,1,1,0,Lease,https://retail.photos.vin/WBY33FK05SCU88074-1.jpg,https://www.carfax.com/VehicleHistory/p/Report.cfx?vin=WBY33FK05SCU88074&partner=FRD_2,30.46031,-97.75162,917
2026-08-24,bmw-i5-edrive40,National,WBY33FK0XRCR35394,2024,eDrive40,15602,45209,BMW of Austin,Austin,TX,2026-06-27,https://www.autolist.com/bmw-i5#vin=WBY33FK0XRCR35394,66800,Black,,,,,https://retail.photos.vin/WBY33FK0XRCR35394-1.jpg,https://www.carfax.com/VehicleHistory/p/Report.cfx?vin=WBY33FK0XRCR35394&partner=FRD_2,30.46031,-97.75162,917
2026-08-24,bmw-i5-edrive40,National,WBY33FK06RCR64195,2024,eDrive40,15911,45572,BMW of Honolulu,Honolulu,HI,2026-08-09,https://www.carfax.com/vehicle/WBY33FK06RCR64195,66800,Black,,1,0,Personal Use,https://retail.photos.vin/WBY33FK06RCR64195-1.jpg,https://www.carfax.com/VehicleHistory/p/Report.cfx?vin=WBY33FK06RCR64195&partner=FRD_2,21.30017,-157.85405,4249
2026-08-24,bmw-i5-edrive40,National,WBY33FK0XRCR49411,2024,eDrive40,16496,45998,CarMax Southlake,Stockbridge,GA,2026-08-15,https://www.autolist.com/bmw-i5#vin=WBY33FK0XRCR49411,66800,Alpine White,,1,0,Lease,https://retail.photos.vin/WBY33FK0XRCR49411-1.jpg,https://www.carfax.com/VehicleHistory/p/Report.cfx?vin=WBY33FK0XRCR49411&partner=FRD_2,33.5491,-84.29093,384
2026-08-24,bmw-i5-edrive40,National,WBY33FK05RCP99465,2024,eDrive40,16768,54999,bmw of fairfax,Fairfax,VA,2026-08-15,https://bmwoffairfax.com/certified/BMW/2024-BMW-i5-fairfax-0344e940ac1829bdcb8ca51553583efa.htm,,Brooklyn Grey Metallic,1,1,0,Personal Use,https://retail.photos.vin/WBY33FK05RCP99465-1.jpg,https://www.carfax.com/VehicleHistory/p/Report.cfx?vin=WBY33FK05RCP99465&partner=FRD_2,38.87331,-77.23661,391
2026-08-24,bmw-i5-edrive40,National,WBY33FK05SCT64421,2025,eDrive40,17706,46040,Dena Motors,Conyers,GA,2026-08-09,https://www.carfax.com/vehicle/WBY33FK05SCT64421,67100,Gray,,1,0,Rental Use,https://retail.photos.vin/WBY33FK05SCT64421-1.jpg,https://www.carfax.com/VehicleHistory/p/Report.cfx?vin=WBY33FK05SCT64421&partner=FRD_2,33.67092,-84.04699,376
2026-08-24,bmw-i5-xdrive40,Chicago,WBY13HG03SCT44406,2025,xDrive40,27530,53052,Ottawa Honda,Ottawa,IL,2026-08-15,https://www.ottawahonda.net/viewdetails/used/wby13hg03sct44406/2025-bmw-i5-4dr-car?type=finance,70100,Black,,1,0,Personal Use,https://retail.photos.vin/WBY13HG03SCT44406-1.jpg,https://www.carfax.com/VehicleHistory/p/Report.cfx?vin=WBY13HG03SCT44406&partner=FRD_2,41.37863,-88.8368,72
2026-08-24,bmw-i5-xdrive40,Cincinnati,WBY13HG06SCS12076,2025,xDrive40,16668,54644,Yark BMW,Toledo,OH,2026-08-09,https://bmwoftoledo.com/used/BMW/2025-BMW-i5-e74777f2ac180297151d51a7014313fe.htm,70100,White,,1,1,Corporate Use,https://retail.photos.vin/WBY13HG06SCS12076-1.jpg,https://www.carfax.com/VehicleHistory/p/Report.cfx?vin=WBY13HG06SCS12076&partner=FRD_2,41.67435,-83.72531,182
2026-08-24,bmw-i5-xdrive40,National,WBY13HG06SCT75505,2025,xDrive40,7238,56309,Twins Auto Sales,Redford,MI,2026-08-11,https://www.carfax.com/vehicle/WBY13HG06SCT75505,70100,Gray,,2,0,Personal Use,https://retail.photos.vin/WBY13HG06SCT75505-1.jpg,https://www.carfax.com/VehicleHistory/p/Report.cfx?vin=WBY13HG06SCT75505&partner=FRD_2,42.43113,-83.29291,225
2026-08-24,bmw-i5-xdrive40,National,WBY13HG05SCS15079,2025,xDrive40,23593,56668,Bobby Rahal BMW of South Hills,Canonsburg,PA,2026-08-09,https://www.carfax.com/vehicle/WBY13HG05SCS15079,70100,Black,,1,0,Personal Use,https://retail.photos.vin/WBY13HG05SCS15079-1.jpg,https://www.carfax.com/VehicleHistory/p/Report.cfx?vin=WBY13HG05SCS15079&partner=FRD_2,40.25523,-80.15207,245
2026-08-24,bmw-i5-xdrive40,National,WBY13HG08SCS11804,2025,xDrive40,24920,60997,Classic Toyota of North Wilkesboro,North Wilkesboro,NC,2026-08-18,https://www.autolist.com/bmw-i5#vin=WBY13HG08SCS11804,70100,Black,,,,,https://retail.photos.vin/WBY13HG08SCS11804-1.jpg,https://www.carfax.com/VehicleHistory/p/Report.cfx?vin=WBY13HG08SCS11804&partner=FRD_2,36.1643,-81.08051,277
2026-08-24,bmw-i5-xdrive40,National,WBY13HG09SCU80068,2025,xDrive40,4701,61490,autohaus bmw,Saint Louis,MO,2026-08-09,https://bmwautohaus.com/used/BMW/2025-BMW-i5-for-sale-st-louis-mo-44ada274ac183ebb689d7c6de5fb3339.htm,,Black Sapphire Metallic,,1,0,Personal Use,https://retail.photos.vin/WBY13HG09SCU80068-1.jpg,https://www.carfax.com/VehicleHistory/p/Report.cfx?vin=WBY13HG09SCU80068&partner=FRD_2,38.60949,-90.33465,238
2026-08-24,bmw-i5-xdrive40,Indianapolis,WBY13HG08SCU89179,2025,xDrive40,1661,76365,BMW of Fort Wayne,Fort Wayne,IN,2025-03-28,https://www.autolist.com/bmw-i5#vin=WBY13HG08SCU89179,70100,Black,,,,,https://retail.photos.vin/WBY13HG08SCU89179-1.jpg,https://www.carfax.com/VehicleHistory/p/Report.cfx?vin=WBY13HG08SCU89179&partner=FRD_2,41.07615,-85.21558,103
2026-08-24,bmw-i5-xdrive40,National,WBY13HG09SCS84860,2025,xDrive40,6895,46538,Royal Auto Group,Haddon Township,NJ,2026-08-09,https://www.carfax.com/vehicle/WBY13HG09SCS84860,70100,White,,1,0,Personal Use,https://retail.photos.vin/WBY13HG09SCS84860-1.jpg,https://www.carfax.com/VehicleHistory/p/Report.cfx?vin=WBY13HG09SCS84860&partner=FRD_2,39.90328,-75.09422,505
2026-08-24,bmw-i5-xdrive40,National,WBY13HG02SCS75188,2025,xDrive40,17493,48988,Bob Johnson Chrysler Dodge Jeep Ram - Watertown,Watertown,NY,2026-03-10,https://www.autolist.com/bmw-i5#vin=WBY13HG02SCS75188,70100,White,,,,,https://retail.photos.vin/WBY13HG02SCS75188-1.jpg,https://www.carfax.com/VehicleHistory/p/Report.cfx?vin=WBY13HG02SCS75188&partner=FRD_2,43.96278,-75.90374,557
2026-08-24,bmw-i5-xdrive40,National,WBY13HG01SCS85680,2025,xDrive40,209,49495,HGreg.com Palm Beach,West Palm Beach,FL,2026-08-09,https://www.carfax.com/vehicle/WBY13HG01SCS85680,70100,Gray,,1,0,Personal Use,https://retail.photos.vin/WBY13HG01SCS85680-1.jpg,https://www.carfax.com/VehicleHistory/p/Report.cfx?vin=WBY13HG01SCS85680&partner=FRD_2,26.66892,-80.11362,896
2026-08-24,bmw-i5-xdrive40,National,WBY13HG04SCS35730,2025,xDrive40,33845,50794,BMW of Rockville,Rockville,MD,2026-08-24,https://bmwrockville.com/used/BMW/2025-BMW-i5-3025d47fac18090df99629c93f1b130d.htm,70100,Black,,,,,https://retail.photos.vin/WBY13HG04SCS35730-1.jpg,https://www.carfax.com/VehicleHistory/p/Report.cfx?vin=WBY13HG04SCS35730&partner=FRD_2,39.067,-77.127,396
2026-08-24,bmw-i5-xdrive40,National,WBY13HG06SCS41187,2025,xDrive40,30750,51188,BMW MINI of Shawnee Mission,Mission,KS,2026-08-09,https://www.carfax.com/vehicle/WBY13HG06SCS41187,70100,Black,,1,0,Personal Use,https://retail.photos.vin/WBY13HG06SCS41187-1.jpg,https://www.carfax.com/VehicleHistory/p/Report.cfx?vin=WBY13HG06SCS41187&partner=FRD_2,39.01597,-94.69147,421
2026-08-24,bmw-i5-xdrive40,National,WBY13HG08SCT69740,2025,xDrive40,13621,52750,BMW of Miami South and Mini of Miami South,Miami,FL,2026-08-09,https://www.carfax.com/vehicle/WBY13HG08SCT69740,70100,Gray,,1,0,Personal Use,https://retail.photos.vin/WBY13HG08SCT69740-1.jpg,https://www.carfax.com/VehicleHistory/p/Report.cfx?vin=WBY13HG08SCT69740&partner=FRD_2,25.61927,-80.34514,963
2026-08-24,bmw-i5-xdrive40,National,WBY13HG00SCU51722,2025,xDrive40,2590,53986,bmw of fort washington,Fort Washington,PA,2026-08-09,https://bmwoffortwashington.com/certified/BMW/2025-BMW-i5-78a10dd9ac181588e4b749d9b0cef905.htm,,Oxide Gray Metallic,1,1,0,Personal Use,https://retail.photos.vin/WBY13HG00SCU51722-1.jpg,https://www.carfax.com/VehicleHistory/p/Report.cfx?vin=WBY13HG00SCU51722&partner=FRD_2,40.13429,-75.20732,500
2026-08-24,bmw-i5-xdrive40,National,WBY13HG0XSCS85628,2025,xDrive40,11674,54994,Automotive Avenues,Sewell,NJ,2026-08-09,https://www.carfax.com/vehicle/WBY13HG0XSCS85628,70100,White,,1,0,Personal Use,https://retail.photos.vin/WBY13HG0XSCS85628-1.jpg,https://www.carfax.com/VehicleHistory/p/Report.cfx?vin=WBY13HG0XSCS85628&partner=FRD_2,39.75151,-75.11267,503
2026-08-24,bmw-i5-xdrive40,National,WBY13HG08SCS30644,2025,xDrive40,25551,55381,BMW of Bridgeport,Bridgeport,CT,2026-08-09,https://www.carfax.com/vehicle/WBY13HG08SCS30644,70100,Gray,,1,0,Personal Use,https://retail.photos.vin/WBY13HG08SCS30644-1.jpg,https://www.carfax.com/VehicleHistory/p/Report.cfx?vin=WBY13HG08SCS30644&partner=FRD_2,41.20215,-73.18958,615
2026-08-24,bmw-i5-xdrive40,National,WBY13HG06SCS47605,2025,xDrive40,11728,55393,bmw of newton,Newton,NJ,2026-08-09,https://bmwnewton.com/inventory/Used-2025-BMW-i5-xDrive40-WBY13HG06SCS47605,,Phytonic Blue Metallic,,1,1,Personal Use,https://retail.photos.vin/WBY13HG06SCS47605-1.jpg,https://www.carfax.com/VehicleHistory/p/Report.cfx?vin=WBY13HG06SCS47605&partner=FRD_2,41.08051,-74.73634,534
2026-08-24,bmw-i5-xdrive40,National,WBY13HG08SCS39361,2025,xDrive40,30090,55482,Jim McKay Chevrolet,Fairfax,VA,2026-08-12,https://www.jimmckaychevrolet.com/used-Fairfax-2025-BMW-i5-xDrive40-WBY13HG08SCS39361,70100,Gray,,1,0,Personal Use,https://retail.photos.vin/WBY13HG08SCS39361-1.jpg,https://www.carfax.com/VehicleHistory/p/Report.cfx?vin=WBY13HG08SCS39361&partner=FRD_2,38.8592,-77.30297,387
2026-08-24,bmw-i5-xdrive40,National,WBY13HG09SCT21003,2025,xDrive40,1557,55760,KIA of Cape Coral,Cape Coral,FL,2026-08-09,https://kiaofcapecoral.com/inventory/Used-2025-BMW-i5-xDrive40_Sedan-WBY13HG09SCT21003,70100,Gray,,1,0,Personal Use,https://retail.photos.vin/WBY13HG09SCT21003-1.jpg,https://www.carfax.com/VehicleHistory/p/Report.cfx?vin=WBY13HG09SCT21003&partner=FRD_2,26.65433,-81.96761,873
2026-08-24,bmw-i5-xdrive40,National,WBY13HG09SCU71760,2025,xDrive40,14821,55989,Scottsdale Mitsubishi,Scottsdale,AZ,2026-08-22,https://www.carfax.com/vehicle/WBY13HG09SCU71760,70100,Green,,1,0,Corporate Use,https://retail.photos.vin/WBY13HG09SCU71760-1.jpg,https://www.carfax.com/VehicleHistory/p/Report.cfx?vin=WBY13HG09SCU71760&partner=FRD_2,33.48597,-111.89028,1442
2026-08-24,bmw-i5-xdrive40,National,WBY13HG04SCT78578,2025,xDrive40,11770,55990,Carvana,Indianapolis,IN,2026-08-11,https://www.carvana.com/vehicle/4612575,70100,White,,2,0,Lease,https://retail.photos.vin/WBY13HG04SCT78578-1.jpg,https://www.carfax.com/VehicleHistory/p/Report.cfx?partner=CVN_0&vin=WBY13HG04SCT78578,0.0,0.0,5924
2026-08-24,bmw-i5-xdrive40,National,WBY13HG09SCT67334,2025,xDrive40,9772,56931,Way Scarff Ford,Auburn,WA,2026-08-09,https://www.wayscarfffordauburn.com/used-Auburn-2025-BMW-i5-xDrive40-WBY13HG09SCT67334,70100,Black,,1,0,Personal Use,https://retail.photos.vin/WBY13HG09SCT67334-1.jpg,https://www.carfax.com/VehicleHistory/p/Report.cfx?vin=WBY13HG09SCT67334&partner=FRD_2,47.31236,-122.22659,1728
2026-08-24,bmw-i5-xdrive40,National,WBY13HG01SCT06284,2025,xDrive40,13032,57990,Diplomat Motors Inc,Troutdale,OR,2026-08-21,https://www.carfax.com/vehicle/WBY13HG01SCT06284,70100,Red,,2,0,Multiple Use,https://retail.photos.vin/WBY13HG01SCT06284-1.jpg,https://www.carfax.com/VehicleHistory/p/Report.cfx?vin=WBY13HG01SCT06284&partner=FRD_2,45.51971,-122.40768,1742
2026-08-24,bmw-i5-m60,Chicago,WBY43FK0XRCP79863,2024,M60,50163,50370,The Car Haus,Roselle,IL,2026-08-19,https://www.autolist.com/bmw-i5#vin=WBY43FK0XRCP79863,84100,Gray,,1,0,Personal Use,https://retail.photos.vin/WBY43FK0XRCP79863-1.jpg,https://www.carfax.com/VehicleHistory/p/Report.cfx?vin=WBY43FK0XRCP79863&partner=FRD_2,41.96476,-88.10308,25
2026-08-24,bmw-i5-m60,National,WBY43FK01RCP14402,2024,M60,40585,54338,BMW of Westlake,Westlake,OH,2026-08-09,https://www.carfax.com/vehicle/WBY43FK01RCP14402,84100,Gray,,2,1,Multiple Use,https://retail.photos.vin/WBY43FK01RCP14402-1.jpg,https://www.carfax.com/VehicleHistory/p/Report.cfx?vin=WBY43FK01RCP14402&partner=FRD_2,41.47538,-81.89453,214
2026-08-24,bmw-i5-m60,National,WBY43FK03RCR83131,2024,M60,21593,58499,Porsche of Nashville,Brentwood,TN,2026-08-16,https://www.autolist.com/bmw-i5#vin=WBY43FK03RCR83131,84100,Black,,2,0,Personal Use,https://retail.photos.vin/WBY43FK03RCR83131-1.jpg,https://www.carfax.com/VehicleHistory/p/Report.cfx?vin=WBY43FK03RCR83131&partner=FRD_2,35.9757,-86.80566,250
2026-08-24,bmw-i5-m60,Cincinnati,WBY43FK01RCP74017,2024,M60,15922,59999,bmw of louisville,Louisville,KY,2026-08-09,https://louisvillebmw.com/used/BMW/2024-BMW-i5-bd45b607ac1843b4d08f34f9e523ee19.htm,,Dark Graphite Metallic,,1,1,Personal Use,https://retail.photos.vin/WBY43FK01RCP74017-1.jpg,https://www.carfax.com/VehicleHistory/p/Report.cfx?vin=WBY43FK01RCP74017&partner=FRD_2,38.21223,-85.54008,83
2026-08-24,bmw-i5-m60,National,WBY43FK02RCP34965,2024,M60,32126,60866,bmw of creve coeur,Creve Coeur,MO,2026-08-09,https://bmwofcrevecoeur.com/certified/BMW/2024-BMW-i5-982d400cac180aac8449eac67c2ee057.htm,,Black Sapphire Metallic,1,1,1,Personal Use,https://retail.photos.vin/WBY43FK02RCP34965-1.jpg,https://www.carfax.com/VehicleHistory/p/Report.cfx?vin=WBY43FK02RCP34965&partner=FRD_2,38.66942,-90.4463,242
2026-08-24,bmw-i5-m60,Chicago,WBY43FK07RCP40096,2024,M60,31496,60954,Bill Jacobs BMW,Naperville,IL,2026-08-09,https://www.carfax.com/vehicle/WBY43FK07RCP40096,84100,Gray,,1,0,Corporate Use,https://retail.photos.vin/WBY43FK07RCP40096-1.jpg,https://www.carfax.com/VehicleHistory/p/Report.cfx?vin=WBY43FK07RCP40096&partner=FRD_2,41.76429,-88.19489,31
2026-08-24,bmw-i5-m60,Chicago,WBY43FK09RCP36406,2024,M60,24216,60995,knauz bmw,Lake Bluff,IL,2026-08-23,https://knauzbmw.com/certified/BMW/2024-BMW-i5-chicago-lake-bluff-27fe37ceac180d2b8c4af9b423d8f3c3.htm,,White,1,1,0,Personal Use,https://retail.photos.vin/WBY43FK09RCP36406-1.jpg,https://www.carfax.com/VehicleHistory/p/Report.cfx?vin=WBY43FK09RCP36406&partner=FRD_2,42.27678,-87.86888,30
2026-08-24,bmw-i5-m60,Chicago,WBY43FK06RCP40106,2024,M60,26804,61884,BMW of Elmhurst,Elmhurst,IL,2026-08-06,https://www.autolist.com/bmw-i5#vin=WBY43FK06RCP40106,84100,Gray,,1,0,Personal Use,https://retail.photos.vin/WBY43FK06RCP40106-1.jpg,https://www.carfax.com/VehicleHistory/p/Report.cfx?vin=WBY43FK06RCP40106&partner=FRD_2,41.91871,-87.95632,17
2026-08-24,bmw-i5-m60,Chicago,WBY43FK09RCP40097,2024,M60,23652,61954,Bill Jacobs BMW,Naperville,IL,2026-08-09,https://www.carfax.com/vehicle/WBY43FK09RCP40097,84100,Black,,1,0,Personal Use,https://retail.photos.vin/WBY43FK09RCP40097-1.jpg,https://www.carfax.com/VehicleHistory/p/Report.cfx?vin=WBY43FK09RCP40097&partner=FRD_2,41.76429,-88.19489,31
2026-08-24,bmw-i5-m60,Chicago,WBY43FK07RCP82428,2024,M60,11324,61990,fields bmw northfield,Northfield,IL,2026-08-09,https://fieldsbmwnorthfield.com/certified/BMW/2024-BMW-i5-Chicago-d6c48553ac185dc15e988db2332dff74.htm,,Carbon Black Metallic,1,1,0,Personal Use,https://retail.photos.vin/WBY43FK07RCP82428-1.jpg,https://www.carfax.com/VehicleHistory/p/Report.cfx?vin=WBY43FK07RCP82428&partner=FRD_2,42.11024,-87.77515,17
2026-08-24,bmw-i5-m60,Chicago,WBY43FK01RCP12942,2024,M60,19116,62357,Ultimo Motors NorthShore,Northbrook,IL,2026-07-15,https://www.autolist.com/bmw-i5#vin=WBY43FK01RCP12942,84100,Black,,,,,https://retail.photos.vin/WBY43FK01RCP12942-1.jpg,https://www.carfax.com/VehicleHistory/p/Report.cfx?vin=WBY43FK01RCP12942&partner=FRD_2,42.10139,-87.82596,18
2026-08-24,bmw-i5-m60,National,WBY43FK01RCR03812,2024,M60,19656,62490,BMW of Sewickley,Sewickley,PA,2026-08-13,https://www.carfax.com/vehicle/WBY43FK01RCR03812,84100,Gray,,1,1,Personal Use,https://retail.photos.vin/WBY43FK01RCR03812-1.jpg,https://www.carfax.com/VehicleHistory/p/Report.cfx?vin=WBY43FK01RCR03812&partner=FRD_2,40.53549,-80.18452,250
2026-08-24,bmw-i5-m60,Chicago,WBY43FK07RCR00896,2024,M60,17988,63352,Star Auto Works,Downers Grove,IL,2026-08-09,https://www.carfax.com/vehicle/WBY43FK07RCR00896,84100,White,,1,0,Personal Use,https://retail.photos.vin/WBY43FK07RCR00896-1.jpg,https://www.carfax.com/VehicleHistory/p/Report.cfx?vin=WBY43FK07RCR00896&partner=FRD_2,41.80861,-88.02662,21
2026-08-24,bmw-i5-m60,Chicago,WBY43FK02RCR12518,2024,M60,23454,65398,Zimbrick BMW,Madison,WI,2026-08-09,https://www.bmwofmadison.com/used-Madison-2024-BMW-i5-M60-WBY43FK02RCR12518,84100,Gray,,1,0,Personal Use,https://retail.photos.vin/WBY43FK02RCR12518-1.jpg,https://www.carfax.com/VehicleHistory/p/Report.cfx?vin=WBY43FK02RCR12518&partner=FRD_2,43.04035,-89.38354,120
2026-08-24,bmw-i5-m60,Cincinnati,WBY43FK04RCR40756,2024,M60,5983,66189,HyperCars LLC,New Albany,IN,2026-08-09,https://www.carfax.com/vehicle/WBY43FK04RCR40756,84100,Red,,1,0,Personal Use,https://retail.photos.vin/WBY43FK04RCR40756-1.jpg,https://www.carfax.com/VehicleHistory/p/Report.cfx?vin=WBY43FK04RCR40756&partner=FRD_2,38.29006,-85.81132,90
2026-08-24,bmw-i5-m60,Cincinnati,WBY43FK08SCU82502,2025,M60,25165,67148,The BMW Store,Cincinnati,OH,2026-08-09,https://www.carfax.com/vehicle/WBY43FK08SCU82502,84100,Gray,,0,1,Vehicle Use,https://retail.photos.vin/WBY43FK08SCU82502-1.jpg,https://www.carfax.com/VehicleHistory/p/Report.cfx?vin=WBY43FK08SCU82502&partner=FRD_2,39.17945,-84.39597,8
2026-08-24,bmw-i5-m60,Chicago,WBY43FK00RCR87752,2024,M60,15920,67398,Zimbrick BMW,Madison,WI,2026-08-09,https://www.bmwofmadison.com/used-Madison-2024-BMW-i5-M60-WBY43FK00RCR87752,84100,Black,,2,1,Multiple Use,https://retail.photos.vin/WBY43FK00RCR87752-1.jpg,https://www.carfax.com/VehicleHistory/p/Report.cfx?vin=WBY43FK00RCR87752&partner=FRD_2,43.04035,-89.38354,120
2026-08-24,bmw-i5-m60,National,WBY43FK03RCR45219,2024,M60,13399,48995,boston foreign motor,Allston,MA,2026-08-20,https://bostonforeignmotor.com/used/BMW/2024-BMW-i5-d285e603ac182ab4c93744180d2b5d81.htm,,MINERAL WHITE METALLIC,,1,0,Personal Use,https://retail.photos.vin/WBY43FK03RCR45219-1.jpg,https://www.carfax.com/VehicleHistory/p/Report.cfx?vin=WBY43FK03RCR45219&partner=FRD_2,42.35328,-71.13889,734
2026-08-24,bmw-i5-m60,National,WBY43FK02RCP20158,2024,M60,45626,49985,Fast Track Motors,Paterson,NJ,2026-08-06,https://www.autolist.com/bmw-i5#vin=WBY43FK02RCP20158,84100,White,,1,0,Personal Use,https://retail.photos.vin/WBY43FK02RCP20158-1.jpg,https://www.carfax.com/VehicleHistory/p/Report.cfx?vin=WBY43FK02RCP20158&partner=FRD_2,40.92353,-74.14291,563
2026-08-24,bmw-i5-m60,National,WBY43FK08RCR59679,2024,M60,31810,53325,quakertown mitsubishi,Quakertown,PA,2026-08-09,https://quakertownmitsubishi.com/used/BMW/2024-BMW-i5-caee8083ac184b0aa8ca50254f7f5dcd.htm,,Mineral White Metallic,,1,0,Personal Use,https://retail.photos.vin/WBY43FK08RCR59679-1.jpg,https://www.carfax.com/VehicleHistory/p/Report.cfx?vin=WBY43FK08RCR59679&partner=FRD_2,40.43006,-74.51813,538
2026-08-24,bmw-i5-m60,National,WBY43FK02RCP56898,2024,M60,48806,54921,BMW of Downtown LA,Los Angeles,CA,2026-08-14,https://www.autolist.com/bmw-i5#vin=WBY43FK02RCP56898,84100,Black Sapphire Metallic,,1,1,Lease,https://retail.photos.vin/WBY43FK02RCP56898-1.jpg,https://www.carfax.com/VehicleHistory/p/Report.cfx?vin=WBY43FK02RCP56898&partner=FRD_2,33.97422,-118.24868,1746
2026-08-24,bmw-i5-m60,National,WBY43FK03RCP52259,2024,M60,28301,55087,Acura of Peoria,Peoria,AZ,2026-07-23,https://www.berkshirehathawayautomotive.com/catcher.esl?vin=WBY43FK03RCP52259&atc_ownerid=autolist&utm_source=autolist&utm_medium=referral&utm_campaign=vdp_deep_link,84100,Alpine White,,2,0,Lease,https://retail.photos.vin/WBY43FK03RCP52259-1.jpg,https://www.carfax.com/VehicleHistory/p/Report.cfx?vin=WBY43FK03RCP52259&partner=FRD_2,33.63817,-112.25537,1455
2026-08-24,bmw-i5-m60,National,WBY43FK01RCR02403,2024,M60,33576,55784,BMW of Towson,Towson,MD,2026-08-15,https://bmwrockville.com/used/BMW/2024-BMW-i5-01cb9442ac1807716d188b7f82bd9867.htm,84100,Phytonic Blue Metallic,,1,0,Personal Use,https://retail.photos.vin/WBY43FK01RCR02403-1.jpg,https://www.carfax.com/VehicleHistory/p/Report.cfx?vin=WBY43FK01RCR02403&partner=FRD_2,39.411,-76.617,423
2026-08-24,bmw-i5-m60,National,WBY43FK00RCR21850,2024,M60,49520,55990,Habberstad Kia,Huntington,NY,2026-08-03,https://www.autolist.com/bmw-i5#vin=WBY43FK00RCR21850,84100,Blue,,1,0,Personal Use,https://retail.photos.vin/WBY43FK00RCR21850-1.jpg,https://www.carfax.com/VehicleHistory/p/Report.cfx?vin=WBY43FK00RCR21850&partner=FRD_2,40.83291,-73.33917,603
2026-08-24,bmw-i5-m60,National,WBY43FK06RCP53728,2024,M60,35547,55991,hendrick chrysler dodge jeep ram fiat wilmington,Wilmington,NC,2026-08-09,https://hendrickjeepwilmington.com/certified/BMW/2024-BMW-i5-wilmington-013299bbac181809f12ccca6c1efce08.htm,,,1,,,,https://retail.photos.vin/WBY43FK06RCP53728-1.jpg,https://www.carfax.com/VehicleHistory/p/Report.cfx?vin=WBY43FK06RCP53728&partner=FRD_2,0.0,0.0,5924
2026-08-24,bmw-i5-m60,National,WBY43FK03RCN91315,2024,M60,32948,56004,BMW of Pompano Beach,Pompano Beach,FL,2026-08-09,https://www.carfax.com/vehicle/WBY43FK03RCN91315,84100,Blue,,1,0,Personal Use,https://retail.photos.vin/WBY43FK03RCN91315-1.jpg,https://www.carfax.com/VehicleHistory/p/Report.cfx?vin=WBY43FK03RCN91315&partner=FRD_2,26.23853,-80.1022,925
2026-08-24,bmw-i5-m60,National,WBY43FK05RCR42158,2024,M60,15942,56563,Audi Bakersfield,Bakersfield,CA,2026-08-09,https://www.carfax.com/vehicle/WBY43FK05RCR42158,84100,Black,,1,0,Personal Use,https://retail.photos.vin/WBY43FK05RCR42158-1.jpg,https://www.carfax.com/VehicleHistory/p/Report.cfx?vin=WBY43FK05RCR42158&partner=FRD_2,35.30018,-119.03813,1746
2026-08-24,bmw-i5-m60,National,WBY43FK07RCN81077,2024,M60,34668,56788,johnson lexus of durham,Durham,NC,2026-08-19,https://johnsonlexusdurham.com/used/BMW/2024-BMW-i5-1af18a56ac1840bc3dde7e433ebc2364.htm,,Mineral White Metallic,,2,0,Multiple Use,https://retail.photos.vin/WBY43FK07RCN81077-1.jpg,https://www.carfax.com/VehicleHistory/p/Report.cfx?vin=WBY43FK07RCN81077&partner=FRD_2,35.90573,-78.95457,376
2026-08-24,bmw-i5-m60,National,WBY43FK03RCR97028,2024,M60,42061,56811,hendrick chrysler dodge jeep ram fiat wilmington,Wilmington,NC,2026-08-01,https://hendrickjeepwilmington.com/certified/BMW/2024-BMW-i5-wilmington-ba211d5dac1829477e81ca703e5456b9.htm,,Black,1,,,,https://retail.photos.vin/WBY43FK03RCR97028-1.jpg,https://www.carfax.com/VehicleHistory/p/Report.cfx?vin=WBY43FK03RCR97028&partner=FRD_2,37.7002,-121.876,1829
2026-08-24,bmw-i5-m60,National,WBY43FK05RCR34416,2024,M60,13647,56985,california motors direct montclair,Montclair,CA,2026-08-13,https://www.iemotorsdirect.com/pre-owned-cars/detail/x/1565352,,Black Sapphire Metallic,,2,1,Personal Use,https://retail.photos.vin/WBY43FK05RCR34416-1.jpg,https://www.carfax.com/VehicleHistory/p/Report.cfx?vin=WBY43FK05RCR34416&partner=FRD_2,33.76877,-117.85079,1732
2026-08-24,bmw-i5-m60,National,WBY43FK01RCR47213,2024,M60,9063,57490,Diplomat Motors Inc,Troutdale,OR,2026-08-09,https://www.carfax.com/vehicle/WBY43FK01RCR47213,84100,Black,,2,1,Personal Use,https://retail.photos.vin/WBY43FK01RCR47213-1.jpg,https://www.carfax.com/VehicleHistory/p/Report.cfx?vin=WBY43FK01RCR47213&partner=FRD_2,45.51971,-122.40768,1742
2026-08-24,bmw-i5-m60,National,WBY43FK06RCP07073,2024,M60,26831,57500,Maserati of Monmouth,OCEAN,NJ,2026-08-09,https://www.carfax.com/vehicle/WBY43FK06RCP07073,84100,Black,,1,0,Personal Use,https://retail.photos.vin/WBY43FK06RCP07073-1.jpg,https://www.carfax.com/VehicleHistory/p/Report.cfx?vin=WBY43FK06RCP07073&partner=FRD_2,40.23139,-74.03835,562
2026-08-24,bmw-i5-m60,National,WBY43FK04RCR90945,2024,M60,28742,57885,Universal Mitsubishi,Sherman Oaks,CA,2026-08-09,https://www.carfax.com/vehicle/WBY43FK04RCR90945,84100,Black,,1,0,Personal Use,https://retail.photos.vin/WBY43FK04RCR90945-1.jpg,https://www.carfax.com/VehicleHistory/p/Report.cfx?vin=WBY43FK04RCR90945&partner=FRD_2,34.16823,-118.44892,1750
2026-08-24,bmw-i5-m60,National,WBY43FK05RCP78684,2024,M60,28941,58293,BMW of Pembroke Pines,Pembroke Pines,FL,2026-05-29,https://www.autolist.com/bmw-i5#vin=WBY43FK05RCP78684,84100,Gray,,2,0,Personal Use,https://retail.photos.vin/WBY43FK05RCP78684-1.jpg,https://www.carfax.com/VehicleHistory/p/Report.cfx?vin=WBY43FK05RCP78684&partner=FRD_2,26.02842,-80.34584,935
2026-08-24,bmw-i5-m60,National,WBY43FK08RCR09560,2024,M60,25049,58299,Ever Cars Costa Mesa,Costa Mesa,CA,2026-06-10,https://www.autolist.com/bmw-i5#vin=WBY43FK08RCR09560,84100,Tanzanite Blue II Metallic,,1,0,Lease,https://retail.photos.vin/WBY43FK08RCR09560-1.jpg,https://www.carfax.com/VehicleHistory/p/Report.cfx?vin=WBY43FK08RCR09560&partner=FRD_2,33.67871,-117.90717,1738
2026-08-24,bmw-i4-edrive35,Chicago,WBY43AW06PFP49221,2023,eDrive35,38846,28167,High Line Auto Sales,Willowbrook,IL,2026-08-15,https://www.carfax.com/vehicle/WBY43AW06PFP49221,51400,Black,,2,0,Personal Use,https://retail.photos.vin/WBY43AW06PFP49221-1.jpg,https://www.carfax.com/VehicleHistory/p/Report.cfx?vin=WBY43AW06PFP49221&partner=FRD_2,41.74945,-87.93643,19
2026-08-24,bmw-i4-edrive35,Chicago,WBY43AW00PFP49845,2023,eDrive35,36224,28866,Gravity Autos Chicago,Highland Park,IL,2026-08-15,https://www.gravityautoschicago.com/inventory/2023-bmw-i4-edrive35-WBY43AW00PFP49845,51400,Black,,2,0,Personal Use,https://retail.photos.vin/WBY43AW00PFP49845-1.jpg,https://www.carfax.com/VehicleHistory/p/Report.cfx?vin=WBY43AW00PFP49845&partner=FRD_2,42.20311,-87.83539,25
2026-08-24,bmw-i4-edrive35,Indianapolis,WBY43AW02PFP85925,2023,eDrive35,40858,29000,unlimited motors,Elwood,IN,2026-08-09,https://www.indysunlimitedmotors.com/pre-owned-cars/detail/x/1530839,,Gray Metallic,,1,0,Personal Use,https://retail.photos.vin/WBY43AW02PFP85925-1.jpg,https://www.carfax.com/VehicleHistory/p/Report.cfx?vin=WBY43AW02PFP85925&partner=FRD_2,40.04452,-86.18488,19
2026-08-24,bmw-i4-edrive35,Indianapolis,WBY43AW09PFP57135,2023,eDrive35,45911,29064,AutoGiant USA,Indianapolis,IN,2026-08-09,https://www.carfax.com/vehicle/WBY43AW09PFP57135,51400,Gray,,2,0,Personal Use,https://retail.photos.vin/WBY43AW09PFP57135-1.jpg,https://www.carfax.com/VehicleHistory/p/Report.cfx?vin=WBY43AW09PFP57135&partner=FRD_2,39.85046,-86.12362,6
2026-08-24,bmw-i4-edrive35,National,WBY43AW06PFR31730,2023,eDrive35,21555,29998,mercedes benz of nashville,Franklin,TN,2026-08-09,https://mercedesbenzofnashville.com/used/BMW/2023-BMW-i4-near-Nashville-a4bf30bdac1809a22d742423732ce4a9.htm,,Alpine White,,1,1,Personal Use,https://retail.photos.vin/WBY43AW06PFR31730-1.jpg,https://www.carfax.com/VehicleHistory/p/Report.cfx?vin=WBY43AW06PFR31730&partner=FRD_2,35.97981,-86.80433,250
2026-08-24,bmw-i4-edrive35,National,WBY43AW03PFR41213,2023,eDrive35,43508,30214,BMW of Columbia,Columbia,MO,2026-08-21,https://columbiamercedesbenz.com/certified/BMW/2023-BMW-i4-1f4b08e3ac180771c28b0c0ef75aa888.htm,51400,Skyscraper Grey Metallic,1,1,0,Lease,https://retail.photos.vin/WBY43AW03PFR41213-1.jpg,https://www.carfax.com/VehicleHistory/p/Report.cfx?vin=WBY43AW03PFR41213&partner=FRD_2,38.96622,-92.36728,321
2026-08-24,bmw-i4-edrive35,Chicago,WBY43AW09PFP42974,2023,eDrive35,24603,30995,baha auto group palos hills,Palos Hills,IL,2026-08-09,https://www.bahaautopalos.com/pre-owned-cars/detail/x/1515481,,Black Sapphire Metallic,,1,1,Personal Use,https://retail.photos.vin/WBY43AW09PFP42974-1.jpg,https://www.carfax.com/VehicleHistory/p/Report.cfx?vin=WBY43AW09PFP42974&partner=FRD_2,41.69187,-87.80849,16
2026-08-24,bmw-i4-edrive35,National,WBY43AW04PFP41571,2023,eDrive35,26399,31000,Hendersonville Auto Brokers,Hendersonville,TN,2026-04-04,https://www.autolist.com/bmw-i4#vin=WBY43AW04PFP41571,51400,Black,,,,,https://retail.photos.vin/WBY43AW04PFP41571-1.jpg,https://www.carfax.com/VehicleHistory/p/Report.cfx?vin=WBY43AW04PFP41571&partner=FRD_2,36.30262,-86.63612,226
2026-08-24,bmw-i4-edrive35,National,WBY43AW02PFP81714,2023,eDrive35,40279,31497,bmw certified pre owned nashville,Nashville,TN,2026-08-12,https://bmwofnashville.com/certified/BMW/2023-BMW-i4-nashville-TN-ecc86f73ac18099670a9b7d528024e53.htm,,Mineral White Metallic,1,2,0,Multiple Use,https://retail.photos.vin/WBY43AW02PFP81714-1.jpg,https://www.carfax.com/VehicleHistory/p/Report.cfx?vin=WBY43AW02PFP81714&partner=FRD_2,36.10482,-86.76079,241
2026-08-24,bmw-i4-edrive35,Chicago,WBY43AW00PFP51112,2023,eDrive35,27233,32412,BMW of Barrington,Barrington,IL,2026-08-09,https://www.carfax.com/vehicle/WBY43AW00PFP51112,51400,Alpine White,1,1,1,Lease,https://retail.photos.vin/WBY43AW00PFP51112-1.jpg,https://www.carfax.com/VehicleHistory/p/Report.cfx?vin=WBY43AW00PFP51112&partner=FRD_2,42.1291,-88.13525,31
2026-08-24,bmw-i4-edrive35,Cincinnati,WBY43AW03PFR46976,2023,eDrive35,34617,32480,BMW of Cincinnati North,Cincinnati,OH,2026-07-30,https://www.autolist.com/bmw-i4#vin=WBY43AW03PFR46976,51400,Mineral White Metallic,1,1,0,Lease,https://retail.photos.vin/WBY43AW03PFR46976-1.jpg,https://www.carfax.com/VehicleHistory/p/Report.cfx?vin=WBY43AW03PFR46976&partner=FRD_2,39.28775,-84.47093,13
2026-08-24,bmw-i4-edrive35,National,WBY43AW02PFP86136,2023,eDrive35,13345,32490,Empire Auto Collection Inc,Warren,MI,2026-08-09,https://www.carfax.com/vehicle/WBY43AW02PFP86136,51400,Green,,1,0,Personal Use,https://retail.photos.vin/WBY43AW02PFP86136-1.jpg,https://www.carfax.com/VehicleHistory/p/Report.cfx?vin=WBY43AW02PFP86136&partner=FRD_2,42.45617,-83.08334,236
2026-08-24,bmw-i4-edrive35,National,WBY43AW02PFR09773,2023,eDrive35,46277,32500,BMW of Rochester Hills,Shelby Township,MI,2026-08-09,https://www.carfax.com/vehicle/WBY43AW02PFR09773,51400,White,,1,0,Personal Use,https://retail.photos.vin/WBY43AW02PFR09773-1.jpg,https://www.carfax.com/VehicleHistory/p/Report.cfx?vin=WBY43AW02PFR09773&partner=FRD_2,42.62812,-83.09081,237
2026-08-24,bmw-i4-edrive35,Cincinnati,WBY43AW03PFP99090,2023,eDrive35,26988,32676,yark bmw,Toledo,OH,2026-08-09,https://bmwoftoledo.com/used/BMW/2023-BMW-i4-aaffa91eac18477fe6a8802594a15b6c.htm,,Gray,,1,0,Personal Use,https://retail.photos.vin/WBY43AW03PFP99090-1.jpg,https://www.carfax.com/VehicleHistory/p/Report.cfx?vin=WBY43AW03PFP99090&partner=FRD_2,41.67435,-83.72531,182
2026-08-24,bmw-i4-edrive35,National,WBY43AW02PFP86573,2023,eDrive35,35775,32787,bmw of asheville,Arden,NC,2026-08-09,https://bmwofasheville.com/certified/BMW/2023-BMW-i4-8655f85aac18083a2914417fd5811ab6.htm,,Mineral White Metallic,1,1,0,Personal Use,https://retail.photos.vin/WBY43AW02PFP86573-1.jpg,https://www.carfax.com/VehicleHistory/p/Report.cfx?vin=WBY43AW02PFP86573&partner=FRD_2,35.48063,-82.55371,272
2026-08-24,bmw-i4-edrive35,National,WBY43AW07RFR52606,2024,eDrive35,30489,32798,BMW MINI of Nashville,Brentwood,TN,2026-08-15,https://bmwofnashville.com/certified/BMW/2024-BMW-i4-nashville-TN-012d8b3cac180512e887ce9ccc3d4e33.htm,52200,Gray,,1,0,Personal Use,https://retail.photos.vin/WBY43AW07RFR52606-1.jpg,https://www.carfax.com/VehicleHistory/p/Report.cfx?vin=WBY43AW07RFR52606&partner=FRD_2,35.97981,-86.80433,250
2026-08-24,bmw-i4-edrive35,Indianapolis,WBY43AW07PFR40145,2023,eDrive35,29423,32899,Fishers Imports,Fishers,IN,2026-08-08,https://www.fishersimports.com/inventory/2023-bmw-i4-edrive35-WBY43AW07PFR40145,51400,White,,1,0,Personal Use,https://retail.photos.vin/WBY43AW07PFR40145-1.jpg,https://www.carfax.com/VehicleHistory/p/Report.cfx?vin=WBY43AW07PFR40145&partner=FRD_2,39.97193,-86.0007,16
2026-08-24,bmw-i4-edrive35,Chicago,WBY43AW02PFR46368,2023,eDrive35,27434,32900,Perillo BMW,Chicago,IL,2026-07-29,https://www.autolist.com/bmw-i4#vin=WBY43AW02PFR46368,51400,White,1,,,,https://retail.photos.vin/WBY43AW02PFR46368-1.jpg,https://www.carfax.com/VehicleHistory/p/Report.cfx?vin=WBY43AW02PFR46368&partner=FRD_2,41.905,-87.63449,1
2026-08-24,bmw-i4-edrive35,Chicago,WBY43AW00PFP70839,2023,eDrive35,11792,33064,iDrive Motor Sports Inc,Berwyn,IL,2026-08-09,https://www.idrivechicago.com/viewdetails/used/wby43aw00pfp70839/2023-bmw-i4-hatchback?type=finance,51400,White,,1,1,Personal Use,https://retail.photos.vin/WBY43AW00PFP70839-1.jpg,https://www.carfax.com/VehicleHistory/p/Report.cfx?vin=WBY43AW00PFP70839&partner=FRD_2,41.82938,-87.7871,9
2026-08-24,bmw-i4-edrive35,Indianapolis,WBY43AW02PFR15962,2023,eDrive35,24500,33064,AutoGiant USA,Indianapolis,IN,2026-08-09,https://www.carfax.com/vehicle/WBY43AW02PFR15962,51400,Blue,,1,1,Personal Use,https://retail.photos.vin/WBY43AW02PFR15962-1.jpg,https://www.carfax.com/VehicleHistory/p/Report.cfx?vin=WBY43AW02PFR15962&partner=FRD_2,39.85046,-86.12362,6
2026-08-24,bmw-i4-edrive35,National,WBY43AW07PFP99612,2023,eDrive35,29242,21188,Certified Auto Group,Hempstead,NY,2026-08-13,https://www.autolist.com/bmw-i4#vin=WBY43AW07PFP99612,51400,Black Sapphire Metallic,,1,1,Lease,https://retail.photos.vin/WBY43AW07PFP99612-1.jpg,https://www.carfax.com/VehicleHistory/p/Report.cfx?vin=WBY43AW07PFP99612&partner=FRD_2,40.66833,-73.71291,582
2026-08-24,bmw-i4-edrive35,National,WBY43AW01PFP64774,2023,eDrive35,34155,22588,Certified Performance Motors,Valley Stream,NY,2026-08-09,https://www.carfax.com/vehicle/WBY43AW01PFP64774,51400,White,,1,1,Personal Use,https://retail.photos.vin/WBY43AW01PFP64774-1.jpg,https://www.carfax.com/VehicleHistory/p/Report.cfx?vin=WBY43AW01PFP64774&partner=FRD_2,40.66833,-73.71291,582
2026-08-24,bmw-i4-edrive35,National,WBY43AW04PFR32309,2023,eDrive35,40385,22588,Certified Auto Group,Hempstead,NY,2026-08-09,https://www.carfax.com/vehicle/WBY43AW04PFR32309,51400,Alpine White,,1,0,Lease,https://retail.photos.vin/WBY43AW04PFR32309-1.jpg,https://www.carfax.com/VehicleHistory/p/Report.cfx?vin=WBY43AW04PFR32309&partner=FRD_2,40.71693,-73.6284,587
2026-08-24,bmw-i4-edrive35,National,WBY43AW04PF746432,2023,eDrive35,40622,22871,Certified Performance Motors,Valley Stream,NY,2026-08-09,https://www.carfax.com/vehicle/WBY43AW04PF746432,51400,Alpine White,,0,0,Personal Use,https://retail.photos.vin/WBY43AW04PF746432-1.jpg,https://www.carfax.com/VehicleHistory/p/Report.cfx?vin=WBY43AW04PF746432&partner=FRD_2,40.66833,-73.71291,582
2026-08-24,bmw-i4-edrive35,National,WBY43AW06PFR32649,2023,eDrive35,96460,23899,ADG Motorsorts,Roswell,GA,2026-07-29,https://www.autolist.com/bmw-i4#vin=WBY43AW06PFR32649,51400,Red,,,,,https://retail.photos.vin/WBY43AW06PFR32649-1.jpg,https://www.carfax.com/VehicleHistory/p/Report.cfx?vin=WBY43AW06PFR32649&partner=FRD_2,34.05311,-84.38746,349
2026-08-24,bmw-i4-edrive35,National,WBY43AW09PFP98719,2023,eDrive35,52121,23995,import masters,Great Neck,NY,2026-08-09,https://importmastersusa.net/electric-used/BMW/2023-BMW-i4-150dca45ac18441db98290cf0fc730d3.htm,,White,,1,0,Personal Use,https://retail.photos.vin/WBY43AW09PFP98719-1.jpg,https://www.carfax.com/VehicleHistory/p/Report.cfx?vin=WBY43AW09PFP98719&partner=FRD_2,40.77737,-73.72702,583
2026-08-24,bmw-i4-edrive35,National,WBY43AW04PFP83786,2023,eDrive35,73528,24499,Florida Fine Cars - Orlando,Orlando,FL,2026-08-11,https://www.carfax.com/vehicle/WBY43AW04PFP83786,51400,Black,,2,0,Multiple Use,https://retail.photos.vin/WBY43AW04PFP83786-1.jpg,https://www.carfax.com/VehicleHistory/p/Report.cfx?vin=WBY43AW04PFP83786&partner=FRD_2,28.48138,-81.39784,755
2026-08-24,bmw-i4-edrive35,National,WBY43AW09PFR31852,2023,eDrive35,67829,24900,Automall Collection,Peabody,MA,2026-08-09,https://www.carfax.com/vehicle/WBY43AW09PFR31852,51400,Jet Black,,1,0,Lease,https://retail.photos.vin/WBY43AW09PFR31852-1.jpg,https://www.carfax.com/VehicleHistory/p/Report.cfx?vin=WBY43AW09PFR31852&partner=FRD_2,42.54502,-70.94454,747
2026-08-24,bmw-i4-edrive35,National,WBY43AW0XPFR38955,2023,eDrive35,31478,25000,Atlanta Best Used Cars,Norcross,GA,2026-08-14,https://www.autolist.com/bmw-i4#vin=WBY43AW0XPFR38955,51400,Mineral White Metallic,,1,1,Lease,https://retail.photos.vin/WBY43AW0XPFR38955-1.jpg,https://www.carfax.com/VehicleHistory/p/Report.cfx?vin=WBY43AW0XPFR38955&partner=FRD_2,33.95141,-84.19581,356
2026-08-24,bmw-i4-edrive35,National,WBY43AW00PFR13014,2023,eDrive35,57817,25675,excel auto lounge,East Windsor,NJ,2026-08-09,https://www.excelautolounge.com/used-cars/2023-bmw-i4-edrive35-WBY43AW00PFR13014,,White,,1,1,Personal Use,https://retail.photos.vin/WBY43AW00PFR13014-1.jpg,https://www.carfax.com/VehicleHistory/p/Report.cfx?vin=WBY43AW00PFR13014&partner=FRD_2,40.26648,-74.54288,536
2026-08-24,bmw-i4-edrive35,National,WBY43AW01PFR16603,2023,eDrive35,61562,25973,Marin Honda,San Rafael,CA,2026-08-09,https://www.carfax.com/vehicle/WBY43AW01PFR16603,51400,White,,1,1,Personal Use,https://retail.photos.vin/WBY43AW01PFR16603-1.jpg,https://www.carfax.com/VehicleHistory/p/Report.cfx?vin=WBY43AW01PFR16603&partner=FRD_2,37.95057,-122.49397,1855
2026-08-24,bmw-i4-edrive35,National,WBY43AW0XPFR39975,2023,eDrive35,31999,26001,AutoSavvy - Woods Cross,Woods Cross,UT,2026-08-11,https://www.autolist.com/bmw-i4#vin=WBY43AW0XPFR39975,51400,Jet Black,,1,0,Lease,https://retail.photos.vin/WBY43AW0XPFR39975-1.jpg,https://www.carfax.com/VehicleHistory/p/Report.cfx?vin=WBY43AW0XPFR39975&partner=FRD_2,40.91482,-111.94879,1258
2026-08-24,bmw-i4-edrive35,National,WBY43AW06PFP97284,2023,eDrive35,67153,26195,Florida Fine Car - Miami,Miami,FL,2026-08-13,https://www.carfax.com/vehicle/WBY43AW06PFP97284,51400,Black,,2,0,Multiple Use,https://retail.photos.vin/WBY43AW06PFP97284-1.jpg,https://www.carfax.com/VehicleHistory/p/Report.cfx?vin=WBY43AW06PFP97284&partner=FRD_2,25.97021,-80.20454,941
2026-08-24,bmw-i4-edrive35,National,WBY43AW08PFR31101,2023,eDrive35,72198,26378,BMW of Delray Beach,Delray Beach,FL,2026-08-09,https://autonationtoyotaweston.com/used/BMW/2023-BMW-i4-ce7d40aeac1838835887ea3d7954251d.htm,51400,Jet Black,,1,0,Personal Use,https://retail.photos.vin/WBY43AW08PFR31101-1.jpg,https://www.carfax.com/VehicleHistory/p/Report.cfx?vin=WBY43AW08PFR31101&partner=FRD_2,26.441,-80.087,912
2026-08-24,bmw-i4-edrive35,National,WBY43AW05PFR31928,2023,eDrive35,44556,26500,Green Light Auto Wholesale,Daly City,CA,2026-08-19,https://www.autolist.com/bmw-i4#vin=WBY43AW05PFR31928,51400,Jet Black,,1,0,Lease,https://retail.photos.vin/WBY43AW05PFR31928-1.jpg,https://www.carfax.com/VehicleHistory/p/Report.cfx?vin=WBY43AW05PFR31928&partner=FRD_2,37.68854,-122.46556,1860
2026-08-24,bmw-i4-edrive35,National,WBY43AW01PFR18951,2023,eDrive35,46786,26528,Karplus Warehouse Inc.,Pacoima,CA,2026-08-09,https://www.888karplus.com/used-Pacoima-2023-BMW-i4-eDrive35-WBY43AW01PFR18951,51400,Gray,,1,0,Personal Use,https://retail.photos.vin/WBY43AW01PFR18951-1.jpg,https://www.carfax.com/VehicleHistory/p/Report.cfx?vin=WBY43AW01PFR18951&partner=FRD_2,34.25349,-118.40932,1745
2026-08-24,bmw-i4-edrive35,National,WBY43AW02PFR39047,2023,eDrive35,70082,26628,Nalley BMW of Decatur,Decatur,GA,2026-08-09,https://nalleybmw.com/used/BMW/2023-BMW-i4-in-Atlanta-66813b41ac1850052f04d63625a3bf01.htm,51400,Mineral White Metallic,,1,0,Lease,https://retail.photos.vin/WBY43AW02PFR39047-1.jpg,https://www.carfax.com/VehicleHistory/p/Report.cfx?vin=WBY43AW02PFR39047&partner=FRD_2,33.7939,-84.28452,367
2026-08-24,bmw-i4-edrive35,National,WBY43AW07PFR39075,2023,eDrive35,42241,26666,concord toyota,Concord,CA,2026-08-09,https://concordtoyota.com/used/BMW/2023-BMW-i4-d0d9ed02ac181f7423508e31a7b972a2.htm,,Mineral White Metallic,,1,0,Personal Use,https://retail.photos.vin/WBY43AW07PFR39075-1.jpg,https://www.carfax.com/VehicleHistory/p/Report.cfx?vin=WBY43AW07PFR39075&partner=FRD_2,37.32375,-121.97793,1843
2026-08-24,bmw-i4-edrive35,National,WBY43AW09PFR27624,2023,eDrive35,57628,26890,BMW of Buena Park,Buena Park,CA,2026-08-09,https://bmwbuenapark.com/used/BMW/2023-BMW-i4-83696d8bac18221a7f70d51ec13124e2.htm,51400,Sunset Orange Metallic,,1,1,Personal Use,https://retail.photos.vin/WBY43AW09PFR27624-1.jpg,https://www.carfax.com/VehicleHistory/p/Report.cfx?vin=WBY43AW09PFR27624&partner=FRD_2,33.862,-117.989,1736
2026-08-24,bmw-i4-edrive35,National,WBY43AW06PFR21070,2023,eDrive35,44884,26985,california motors direct montclair,Montclair,CA,2026-08-14,https://www.iemotorsdirect.com/pre-owned-cars/detail/x/1566162,,Black Sapphire Metallic,,1,1,Personal Use,https://retail.photos.vin/WBY43AW06PFR21070-1.jpg,https://www.carfax.com/VehicleHistory/p/Report.cfx?vin=WBY43AW06PFR21070&partner=FRD_2,34.06525,-117.68874,1714
2026-08-24,bmw-i4-edrive40,Chicago,WBY73AW06NFN13310,2022,eDrive40,49552,28371,"Hiller Ford, Inc.",Franklin,WI,2026-08-01,https://www.autolist.com/bmw-i4#vin=WBY73AW06NFN13310,55400,Gray,1,,,,https://retail.photos.vin/WBY73AW06NFN13310-1.jpg,https://www.carfax.com/VehicleHistory/p/Report.cfx?vin=WBY73AW06NFN13310&partner=FRD_2,42.927,-88.0485,75
2026-08-24,bmw-i4-edrive40,Chicago,WBY73AW03PFR27535,2023,eDrive40,18051,28630,Old Orchard Nissan,Skokie,IL,2026-04-16,https://www.autolist.com/bmw-i4#vin=WBY73AW03PFR27535,55900,Black,,,,,https://retail.photos.vin/WBY73AW03PFR27535-1.jpg,https://www.carfax.com/VehicleHistory/p/Report.cfx?vin=WBY73AW03PFR27535&partner=FRD_2,42.03499,-87.75654,12
2026-08-24,bmw-i4-edrive40,National,WBY73AW09PFN54338,2023,eDrive40,55187,32198,Meade Lexus of Southfield,Southfield,MI,2026-08-09,https://www.carfax.com/vehicle/WBY73AW09PFN54338,55900,White,,1,0,Personal Use,https://retail.photos.vin/WBY73AW09PFN54338-1.jpg,https://www.carfax.com/VehicleHistory/p/Report.cfx?vin=WBY73AW09PFN54338&partner=FRD_2,42.4972,-83.29658,225
2026-08-24,bmw-i4-edrive40,National,WBY73AW05PFR06640,2023,eDrive40,18316,33552,BMW of West St. Louis,Manchester,MO,2026-08-09,https://www.carfax.com/vehicle/WBY73AW05PFR06640,55900,Black,,1,0,Personal Use,https://retail.photos.vin/WBY73AW05PFR06640-1.jpg,https://www.carfax.com/VehicleHistory/p/Report.cfx?vin=WBY73AW05PFR06640&partner=FRD_2,38.59359,-90.5173,247
2026-08-24,bmw-i4-edrive40,Cincinnati,WBY73AW02PFP79961,2023,eDrive40,44434,33750,bmw of louisville,Louisville,KY,2026-08-14,https://louisvillebmw.com/used/BMW/2023-BMW-i4-fb1267fdac18301032f4f995dcdbc483.htm,,Mineral White Metallic,,1,0,Personal Use,https://retail.photos.vin/WBY73AW02PFP79961-1.jpg,https://www.carfax.com/VehicleHistory/p/Report.cfx?vin=WBY73AW02PFP79961&partner=FRD_2,38.21223,-85.54008,83
2026-08-24,bmw-i4-edrive40,National,WBY73AW09PFR37339,2023,eDrive40,23520,34875,napleton hyundai of hazelwood,Hazelwood,MO,2026-08-09,https://napletonhyundai.com/used/BMW/2023-BMW-i4-df2d9e2bac184a64f5d1c0fe6d83c71f.htm,,Alpine White,,1,0,Personal Use,https://retail.photos.vin/WBY73AW09PFR37339-1.jpg,https://www.carfax.com/VehicleHistory/p/Report.cfx?vin=WBY73AW09PFR37339&partner=FRD_2,38.78115,-90.3648,235
2026-08-24,bmw-i4-edrive40,National,WBY73AW08PFR12688,2023,eDrive40,16226,35097,North Coast Mitsubishi Cleveland West,Cleveland,OH,2026-08-09,https://www.carfax.com/vehicle/WBY73AW08PFR12688,55900,Gray,,1,1,Personal Use,https://retail.photos.vin/WBY73AW08PFR12688-1.jpg,https://www.carfax.com/VehicleHistory/p/Report.cfx?vin=WBY73AW08PFR12688&partner=FRD_2,41.41938,-81.7243,217
2026-08-24,bmw-i4-edrive40,Chicago,WBY73AW00RFT38526,2024,eDrive40,13025,35367,Happy Hyundai Of Libertyville,Libertyville,IL,2026-08-23,https://www.carfax.com/vehicle/WBY73AW00RFT38526,57300,Black,,2,0,Multiple Use,https://retail.photos.vin/WBY73AW00RFT38526-1.jpg,https://www.carfax.com/VehicleHistory/p/Report.cfx?vin=WBY73AW00RFT38526&partner=FRD_2,42.2742,-87.95353,32
2026-08-24,bmw-i4-edrive40,Chicago,WBY73AW07PFP99767,2023,eDrive40,38044,35605,BMW of Ann Arbor,Ann Arbor,MI,2026-08-15,https://www.carfax.com/vehicle/WBY73AW07PFP99767,55900,Gray,,2,1,Multiple Use,https://retail.photos.vin/WBY73AW07PFP99767-1.jpg,https://www.carfax.com/VehicleHistory/p/Report.cfx?vin=WBY73AW07PFP99767&partner=FRD_2,42.28665,-83.8202,197
2026-08-24,bmw-i4-edrive40,Indianapolis,WBY73AW01PFR18008,2023,eDrive40,20047,35664,AutoGiant USA,Indianapolis,IN,2026-08-09,https://www.carfax.com/vehicle/WBY73AW01PFR18008,55900,Gray,,1,0,Personal Use,https://retail.photos.vin/WBY73AW01PFR18008-1.jpg,https://www.carfax.com/VehicleHistory/p/Report.cfx?vin=WBY73AW01PFR18008&partner=FRD_2,39.85046,-86.12362,6
2026-08-24,bmw-i4-edrive40,Chicago,WBY73AW0XPFP55021,2023,eDrive40,19416,35900,patrick bmw and mini,Schaumburg,IL,2026-08-09,https://patrickbmw.com/certified/BMW/2023-BMW-i4-Schaumburg-IL-04e0131aac180fc2ce3670feadbacd74.htm,,Alpine White,1,1,0,Personal Use,https://retail.photos.vin/WBY73AW0XPFP55021-1.jpg,https://www.carfax.com/VehicleHistory/p/Report.cfx?vin=WBY73AW0XPFP55021&partner=FRD_2,42.05082,-88.0619,25
2026-08-24,bmw-i4-edrive40,National,WBY73AW07PFN62776,2023,eDrive40,27120,35998,CarMax Memphis,Memphis,TN,2026-08-14,https://www.autolist.com/bmw-i4#vin=WBY73AW07PFN62776,55900,White,,,,,https://retail.photos.vin/WBY73AW07PFN62776-1.jpg,https://www.carfax.com/VehicleHistory/p/Report.cfx?vin=WBY73AW07PFN62776&partner=FRD_2,35.20345,-89.8036,373
2026-08-24,bmw-i4-edrive40,National,WBY73AW07PFR03285,2023,eDrive40,29968,36300,Cars Plus,Lenoir,NC,2026-08-09,https://www.carfax.com/vehicle/WBY73AW07PFR03285,55900,Orange,,1,0,Personal Use,https://retail.photos.vin/WBY73AW07PFR03285-1.jpg,https://www.carfax.com/VehicleHistory/p/Report.cfx?vin=WBY73AW07PFR03285&partner=FRD_2,35.92188,-81.50588,275
2026-08-24,bmw-i4-edrive40,National,WBY73AW06PFR08171,2023,eDrive40,17766,36797,BMW MINI of Nashville,Brentwood,TN,2026-08-09,https://bmwofnashville.com/certified/BMW/2023-BMW-i4-nashville-TN-a4bf3583ac1834a791521c6bd53fca20.htm,55900,Gray,,1,0,Personal Use,https://retail.photos.vin/WBY73AW06PFR08171-1.jpg,https://www.carfax.com/VehicleHistory/p/Report.cfx?vin=WBY73AW06PFR08171&partner=FRD_2,35.97981,-86.80433,250
2026-08-24,bmw-i4-edrive40,National,WBY73AW08PFN65959,2023,eDrive40,13654,36990,Empire Auto Collection Inc,Warren,MI,2026-08-09,https://www.carfax.com/vehicle/WBY73AW08PFN65959,55900,Green,,2,0,Multiple Use,https://retail.photos.vin/WBY73AW08PFN65959-1.jpg,https://www.carfax.com/VehicleHistory/p/Report.cfx?vin=WBY73AW08PFN65959&partner=FRD_2,42.45617,-83.08334,236
2026-08-24,bmw-i4-edrive40,Cincinnati,WBY73AW04PFR22666,2023,eDrive40,18114,37693,lexus of dayton,Dayton,OH,2026-08-12,https://lexusofdayton.com/inventory/Used-2023-BMW-i4-eDrive40-WBY73AW04PFR22666,,Gray Metallic,,1,0,Personal Use,https://retail.photos.vin/WBY73AW04PFR22666-1.jpg,https://www.carfax.com/VehicleHistory/p/Report.cfx?vin=WBY73AW04PFR22666&partner=FRD_2,39.63076,-84.19982,40
2026-08-24,bmw-i4-edrive40,Indianapolis,WBY73AW03PFR31326,2023,eDrive40,23538,37987,Dreyer & Reinbold BMW MINI,Indianapolis,IN,2026-08-09,https://www.carfax.com/vehicle/WBY73AW03PFR31326,55900,White,,1,1,Personal Use,https://retail.photos.vin/WBY73AW03PFR31326-1.jpg,https://www.carfax.com/VehicleHistory/p/Report.cfx?vin=WBY73AW03PFR31326&partner=FRD_2,39.923,-86.11407,11
2026-08-24,bmw-i4-edrive40,National,WBY73AW00RFR51049,2024,eDrive40,14680,38441,North Coast Mitsubishi Bedford,Bedford,OH,2026-08-20,https://www.autolist.com/bmw-i4#vin=WBY73AW00RFR51049,57300,Brooklyn Grey Metallic,,,,,https://retail.photos.vin/WBY73AW00RFR51049-1.jpg,https://www.carfax.com/VehicleHistory/p/Report.cfx?vin=WBY73AW00RFR51049&partner=FRD_2,41.38149,-81.53022,222
2026-08-24,bmw-i4-edrive40,Cincinnati,WBY73AW04PFP45018,2023,eDrive40,16248,38583,The BMW Store,Cincinnati,OH,2026-08-09,https://www.carfax.com/vehicle/WBY73AW04PFP45018,55900,Gray,,1,0,Personal Use,https://retail.photos.vin/WBY73AW04PFP45018-1.jpg,https://www.carfax.com/VehicleHistory/p/Report.cfx?vin=WBY73AW04PFP45018&partner=FRD_2,39.17945,-84.39597,8
2026-08-24,bmw-i4-edrive40,National,WBY73AW0XRFR50961,2024,eDrive40,25597,38998,CarMax Chattanooga,Chattanooga,TN,2026-06-27,https://www.autolist.com/bmw-i4#vin=WBY73AW0XRFR50961,57300,Mineral White Metallic,,1,0,Lease,https://retail.photos.vin/WBY73AW0XRFR50961-1.jpg,https://www.carfax.com/VehicleHistory/p/Report.cfx?vin=WBY73AW0XRFR50961&partner=FRD_2,35.04092,-85.15943,283
2026-08-24,bmw-i4-edrive40,National,WBY73AW02NFN17922,2022,eDrive40,117069,19885,Regency USA,Lawndale,CA,2026-08-15,https://www.carfax.com/vehicle/WBY73AW02NFN17922,55400,San Remo Green Metallic,,1,0,Corporate Fleet,https://retail.photos.vin/WBY73AW02NFN17922-1.jpg,https://www.carfax.com/VehicleHistory/p/Report.cfx?vin=WBY73AW02NFN17922&partner=FRD_2,33.8892,-118.3523,1753
2026-08-24,bmw-i4-edrive40,National,WBY73AW02PFN81848,2023,eDrive40,54910,25000,KWI Enterprises,Arlington,TX,2026-06-21,https://www.autolist.com/bmw-i4#vin=WBY73AW02PFN81848,55900,Mineral White Metallic,,2,0,Lease,https://retail.photos.vin/WBY73AW02PFN81848-1.jpg,https://www.carfax.com/VehicleHistory/p/Report.cfx?vin=WBY73AW02PFN81848&partner=FRD_2,32.74168,-97.0827,778
2026-08-24,bmw-i4-edrive40,National,WBY73AW04RFR67979,2024,eDrive40,33050,26188,Certified Auto Group,Hempstead,NY,2026-08-12,https://www.autolist.com/bmw-i4#vin=WBY73AW04RFR67979,57300,San Remo Green Metallic,,1,0,Lease,https://retail.photos.vin/WBY73AW04RFR67979-1.jpg,https://www.carfax.com/VehicleHistory/p/Report.cfx?vin=WBY73AW04RFR67979&partner=FRD_2,40.71693,-73.6284,587
2026-08-24,bmw-i4-edrive40,National,WBY73AW05PFP89089,2023,eDrive40,41010,26485,california motors direct montclair,Montclair,CA,2026-08-14,https://www.iemotorsdirect.com/pre-owned-cars/detail/x/1566123,,Black Sapphire Metallic,,1,2,Lease,https://retail.photos.vin/WBY73AW05PFP89089-1.jpg,https://www.carfax.com/VehicleHistory/p/Report.cfx?vin=WBY73AW05PFP89089&partner=FRD_2,0.0,0.0,5924
2026-08-24,bmw-i4-edrive40,National,WBY73AW0XPFN74789,2023,eDrive40,73928,26597,Auto Trust USA,Miramar,FL,2026-08-09,https://www.carfax.com/vehicle/WBY73AW0XPFN74789,55900,Black,,1,0,Personal Use,https://retail.photos.vin/WBY73AW0XPFN74789-1.jpg,https://www.carfax.com/VehicleHistory/p/Report.cfx?vin=WBY73AW0XPFN74789&partner=FRD_2,25.98002,-80.2068,940
2026-08-24,bmw-i4-edrive40,National,WBY73AW01RFR51366,2024,eDrive40,76584,26775,Universal Mitsubishi,Sherman Oaks,CA,2026-08-09,https://www.carfax.com/vehicle/WBY73AW01RFR51366,57300,Black,,1,0,Personal Use,https://retail.photos.vin/WBY73AW01RFR51366-1.jpg,https://www.carfax.com/VehicleHistory/p/Report.cfx?vin=WBY73AW01RFR51366&partner=FRD_2,34.16823,-118.44892,1750
2026-08-24,bmw-i4-edrive40,National,WBY73AW03PFR26787,2023,eDrive40,53490,27573,Crevier BMW,Santa Ana,CA,2026-07-07,https://www.autolist.com/bmw-i4#vin=WBY73AW03PFR26787,55900,Jet Black,,1,0,Lease,https://retail.photos.vin/WBY73AW03PFR26787-1.jpg,https://www.carfax.com/VehicleHistory/p/Report.cfx?vin=WBY73AW03PFR26787&partner=FRD_2,33.72813,-117.83691,1732
2026-08-24,bmw-i4-edrive40,National,WBY73AW08PFP78765,2023,eDrive40,24662,28090,Auto Spot Mountain Lakes,Mountain Lakes,NJ,2026-08-09,https://www.carfax.com/vehicle/WBY73AW08PFP78765,55900,Gray,,1,1,Personal Use,https://retail.photos.vin/WBY73AW08PFP78765-1.jpg,https://www.carfax.com/VehicleHistory/p/Report.cfx?vin=WBY73AW08PFP78765&partner=FRD_2,40.88242,-74.45564,546
2026-08-24,bmw-i4-edrive40,National,WBY73AW03PFN43190,2023,eDrive40,76795,28512,Premier Chrysler Dodge Jeep Ram of Buena Park,Buena Park,CA,2026-07-28,https://www.autolist.com/bmw-i4#vin=WBY73AW03PFN43190,55900,Tanzanite Blue II Metallic,,2,0,Personal Use,https://retail.photos.vin/WBY73AW03PFN43190-1.jpg,https://www.carfax.com/VehicleHistory/p/Report.cfx?vin=WBY73AW03PFN43190&partner=FRD_2,33.87351,-118.00515,1736
2026-08-24,bmw-i4-edrive40,National,WBY73AW07PFR30485,2023,eDrive40,88874,28542,Crain Kia of Bentonville,Bentonville,AR,2026-08-11,https://www.autolist.com/bmw-i4#vin=WBY73AW07PFR30485,55900,Green,,,,,https://retail.photos.vin/WBY73AW07PFR30485-1.jpg,https://www.carfax.com/VehicleHistory/p/Report.cfx?vin=WBY73AW07PFR30485&partner=FRD_2,36.34405,-94.18379,496
2026-08-24,bmw-i4-edrive40,National,WBY73AW00PFR09901,2023,eDrive40,70678,28645,Maserati of Monmouth,OCEAN,NJ,2026-08-12,https://www.autolist.com/bmw-i4#vin=WBY73AW00PFR09901,55900,White,,1,1,Personal Use,https://retail.photos.vin/WBY73AW00PFR09901-1.jpg,https://www.carfax.com/VehicleHistory/p/Report.cfx?vin=WBY73AW00PFR09901&partner=FRD_2,40.23139,-74.03835,562
2026-08-24,bmw-i4-edrive40,National,WBY73AW0XRFS55251,2024,eDrive40,64077,28788,bmw mini of monrovia,Monrovia,CA,2026-08-09,https://bmwofmonrovia.net/used/BMW/2024-BMW-i4-near-Los-Angeles-cec9c229ac183327c49f3a7e7c480900.htm,,Mineral White Metallic,,1,0,Personal Use,https://retail.photos.vin/WBY73AW0XRFS55251-1.jpg,https://www.carfax.com/VehicleHistory/p/Report.cfx?vin=WBY73AW0XRFS55251&partner=FRD_2,33.8116,-118.17133,1747
2026-08-24,bmw-i4-edrive40,National,WBY73AW0XPFR35065,2023,eDrive40,69944,28973,BMW of Riverside,Riverside,CA,2026-08-15,https://www.autolist.com/bmw-i4#vin=WBY73AW0XPFR35065,55900,Black,,1,0,Personal Use,https://retail.photos.vin/WBY73AW0XPFR35065-1.jpg,https://www.carfax.com/VehicleHistory/p/Report.cfx?vin=WBY73AW0XPFR35065&partner=FRD_2,33.9231,-117.41679,1705
2026-08-24,bmw-i4-edrive40,National,WBY73AW01PFN91531,2023,eDrive40,54252,28978,Fletcher Jones Motorcars,Newport Beach,CA,2026-08-09,https://www.carfax.com/vehicle/WBY73AW01PFN91531,55900,Gray,,1,0,Personal Use,https://retail.photos.vin/WBY73AW01PFN91531-1.jpg,https://www.carfax.com/VehicleHistory/p/Report.cfx?vin=WBY73AW01PFN91531&partner=FRD_2,33.6531,-117.86507,1736
2026-08-24,bmw-i4-edrive40,National,WBY73AW01PFR46519,2023,eDrive40,59709,28999,BMW Fresno,Fresno,CA,2026-08-18,https://www.autolist.com/bmw-i4#vin=WBY73AW01PFR46519,55900,Mineral White Metallic,1,1,0,Lease,https://retail.photos.vin/WBY73AW01PFR46519-1.jpg,https://www.carfax.com/VehicleHistory/p/Report.cfx?vin=WBY73AW01PFR46519&partner=FRD_2,36.84028,-119.80875,1744
2026-08-24,bmw-i4-edrive40,National,WBY73AW09PFP98457,2023,eDrive40,59460,28999,CarsIndex,Horsham,PA,2026-08-11,https://www.autolist.com/bmw-i4#vin=WBY73AW09PFP98457,55900,Black,,1,1,Personal Use,https://retail.photos.vin/WBY73AW09PFP98457-1.jpg,https://www.carfax.com/VehicleHistory/p/Report.cfx?vin=WBY73AW09PFP98457&partner=FRD_2,40.18934,-75.13483,504
2026-08-24,bmw-i4-xdrive40,National,WBY83FB08RFR76899,2024,xDrive40,94123,28251,Hendersonville Auto Brokers,Hendersonville,TN,2026-07-01,https://www.autolist.com/bmw-i4#vin=WBY83FB08RFR76899,61600,Alpine White,,1,0,Taxi,https://retail.photos.vin/WBY83FB08RFR76899-1.jpg,https://www.carfax.com/VehicleHistory/p/Report.cfx?vin=WBY83FB08RFR76899&partner=FRD_2,36.30262,-86.63612,226
2026-08-24,bmw-i4-xdrive40,National,WBY83FB07RFS02465,2024,xDrive40,27993,33617,EchoPark Automotive St. Louis,Chesterfield,MO,2026-08-19,https://www.autolist.com/bmw-i4#vin=WBY83FB07RFS02465,61600,White,,1,0,Rental Use,https://retail.photos.vin/WBY83FB07RFS02465-1.jpg,https://www.carfax.com/VehicleHistory/p/Report.cfx?vin=WBY83FB07RFS02465&partner=FRD_2,38.67504,-90.65846,252
2026-08-24,bmw-i4-xdrive40,Chicago,WBY83FB00RFR88769,2024,xDrive40,41725,33676,Car Wise Gurnee,Gurnee,IL,2026-08-09,https://www.carfax.com/vehicle/WBY83FB00RFR88769,61600,White,,1,1,Rental Use,https://retail.photos.vin/WBY83FB00RFR88769-1.jpg,https://www.carfax.com/VehicleHistory/p/Report.cfx?vin=WBY83FB00RFR88769&partner=FRD_2,42.3868,-87.96162,39
2026-08-24,bmw-i4-xdrive40,Chicago,WBY83FB00RFR83376,2024,xDrive40,49214,35176,Car Wise Gurnee,Gurnee,IL,2026-08-06,https://www.autolist.com/bmw-i4#vin=WBY83FB00RFR83376,61600,Black,,1,1,Personal Use,https://retail.photos.vin/WBY83FB00RFR83376-1.jpg,https://www.carfax.com/VehicleHistory/p/Report.cfx?vin=WBY83FB00RFR83376&partner=FRD_2,42.3868,-87.96162,39
2026-08-24,bmw-i4-xdrive40,National,WBY83FB07RFS95987,2024,xDrive40,29884,38354,bmw cleveland,Solon,OH,2026-08-09,https://bmwcleveland.com/certified/BMW/2024-BMW-i4-8b41cf7dac18221a7f70d51e64edfd32.htm,,Skyscraper Gray Metallic,1,1,1,Personal Use,https://retail.photos.vin/WBY83FB07RFS95987-1.jpg,https://www.carfax.com/VehicleHistory/p/Report.cfx?vin=WBY83FB07RFS95987&partner=FRD_2,41.39384,-81.44152,226
2026-08-24,bmw-i4-xdrive40,Indianapolis,WBY83FB04RFS77592,2024,xDrive40,42325,38624,kelley chevrolet,Fort Wayne,IN,2026-08-22,https://drivekelleychevrolet.com/used/BMW/2024-BMW-i4-2694412bac185c30491eeacb519d6b45.htm,,Skyscraper Gray Metallic,,1,1,Personal Use,https://retail.photos.vin/WBY83FB04RFS77592-1.jpg,https://www.carfax.com/VehicleHistory/p/Report.cfx?vin=WBY83FB04RFS77592&partner=FRD_2,41.07773,-85.22575,103
2026-08-24,bmw-i4-xdrive40,Chicago,WBY83FB03RFS51596,2024,xDrive40,24634,39706,Gravity Autos Chicago,Highland Park,IL,2026-08-09,https://www.gravityautoschicago.com/inventory/2024-bmw-i4-xdrive40-WBY83FB03RFS51596,61600,Black,,2,0,Multiple Use,https://retail.photos.vin/WBY83FB03RFS51596-1.jpg,https://www.carfax.com/VehicleHistory/p/Report.cfx?vin=WBY83FB03RFS51596&partner=FRD_2,42.20311,-87.83539,25
2026-08-24,bmw-i4-xdrive40,Chicago,WBY83FB00RFS06776,2024,xDrive40,23460,41076,Car Wise Gurnee,Gurnee,IL,2026-08-09,https://www.carfax.com/vehicle/WBY83FB00RFS06776,61600,White,,2,1,Multiple Use,https://retail.photos.vin/WBY83FB00RFS06776-1.jpg,https://www.carfax.com/VehicleHistory/p/Report.cfx?vin=WBY83FB00RFS06776&partner=FRD_2,42.3868,-87.96162,39
2026-08-24,bmw-i4-xdrive40,Chicago,WBY83FB00RFR90506,2024,xDrive40,29823,42398,Zimbrick BMW,Madison,WI,2026-08-17,https://www.bmwofmadison.com/used-Madison-2024-BMW-i4-xDrive40-WBY83FB00RFR90506,61600,Gray,,1,0,Personal Use,https://retail.photos.vin/WBY83FB00RFR90506-1.jpg,https://www.carfax.com/VehicleHistory/p/Report.cfx?vin=WBY83FB00RFR90506&partner=FRD_2,43.04035,-89.38354,120
2026-08-24,bmw-i4-xdrive40,Chicago,WBY43HD0XSFU66700,2025,xDrive40,17721,44743,BMW of Bloomington,Bloomington,IL,2026-08-09,https://www.carfax.com/vehicle/WBY43HD0XSFU66700,62300,White,,1,0,Corporate Use,https://retail.photos.vin/WBY43HD0XSFU66700-1.jpg,https://www.carfax.com/VehicleHistory/p/Report.cfx?vin=WBY43HD0XSFU66700&partner=FRD_2,40.45737,-88.9743,121
2026-08-24,bmw-i4-xdrive40,Chicago,WBY43HD04SFU93388,2025,xDrive40,10838,44995,baha auto group palos hills,Palos Hills,IL,2026-08-09,https://www.bahaautopalos.com/pre-owned-cars/detail/x/1545833,,Jet Black,,1,1,Personal Use,https://retail.photos.vin/WBY43HD04SFU93388-1.jpg,https://www.carfax.com/VehicleHistory/p/Report.cfx?vin=WBY43HD04SFU93388&partner=FRD_2,41.69187,-87.80849,16
2026-08-24,bmw-i4-xdrive40,Indianapolis,WBY83FB07RFS41542,2024,xDrive40,13753,45520,kelley chevrolet,Fort Wayne,IN,2026-08-23,https://drivekelleychevrolet.com/used/BMW/2024-BMW-i4-2bb9d857ac1827bd9540ac67b66983eb.htm,,Portimao Blue Metallic,,1,0,Personal Use,https://retail.photos.vin/WBY83FB07RFS41542-1.jpg,https://www.carfax.com/VehicleHistory/p/Report.cfx?vin=WBY83FB07RFS41542&partner=FRD_2,41.07773,-85.22575,103
2026-08-24,bmw-i4-xdrive40,Chicago,WBY43HD0XSFU69208,2025,xDrive40,14104,47298,Zimbrick BMW,Madison,WI,2026-08-09,https://www.bmwofmadison.com/used-Madison-2025-BMW-i4-xDrive40-WBY43HD0XSFU69208,62300,Red,,1,0,Personal Use,https://retail.photos.vin/WBY43HD0XSFU69208-1.jpg,https://www.carfax.com/VehicleHistory/p/Report.cfx?vin=WBY43HD0XSFU69208&partner=FRD_2,43.04035,-89.38354,120
2026-08-24,bmw-i4-xdrive40,Indianapolis,WBY43HD08SFT97151,2025,xDrive40,9778,47400,unlimited motors,Elwood,IN,2026-08-09,https://www.indysunlimitedmotors.com/pre-owned-cars/detail/x/1547043,,Black Sapphire Metallic,,1,0,Rental Use,https://retail.photos.vin/WBY43HD08SFT97151-1.jpg,https://www.carfax.com/VehicleHistory/p/Report.cfx?vin=WBY43HD08SFT97151&partner=FRD_2,40.04452,-86.18488,19
2026-08-24,bmw-i4-xdrive40,Chicago,WBY43HD02SFU59661,2025,xDrive40,5832,48542,Heiser Ford Lincoln,Milwaukee,WI,2026-08-09,https://www.carfax.com/vehicle/WBY43HD02SFU59661,62300,Red,,1,0,Personal Use,https://retail.photos.vin/WBY43HD02SFU59661-1.jpg,https://www.carfax.com/VehicleHistory/p/Report.cfx?vin=WBY43HD02SFU59661&partner=FRD_2,43.11963,-87.93343,87
2026-08-24,bmw-i4-xdrive40,Chicago,WBY43HD09SFU46681,2025,xDrive40,8300,48625,Elmhurst Ford,Bensenville,IL,2026-08-09,https://www.fordelmhurst.com/used-Bensenville-2025-BMW-i4-xDrive40-WBY43HD09SFU46681,62300,Gray,,1,0,Personal Use,https://retail.photos.vin/WBY43HD09SFU46681-1.jpg,https://www.carfax.com/VehicleHistory/p/Report.cfx?vin=WBY43HD09SFU46681&partner=FRD_2,41.93159,-87.9511,17
2026-08-24,bmw-i4-xdrive40,Chicago,WBY43HD05SFU83050,2025,xDrive40,9669,52598,BMW of Ann Arbor,Ann Arbor,MI,2026-08-11,https://www.carfax.com/vehicle/WBY43HD05SFU83050,62300,Red,,1,0,Personal Use,https://retail.photos.vin/WBY43HD05SFU83050-1.jpg,https://www.carfax.com/VehicleHistory/p/Report.cfx?vin=WBY43HD05SFU83050&partner=FRD_2,42.28665,-83.8202,197
2026-08-24,bmw-i4-xdrive40,Cincinnati,WBY43HD05SFU47021,2025,xDrive40,10472,53600,BMW of Cincinnati North,Cincinnati,OH,2026-06-03,https://www.autolist.com/bmw-i4#vin=WBY43HD05SFU47021,62300,Mineral White Metallic,1,2,0,Personal Use,https://retail.photos.vin/WBY43HD05SFU47021-1.jpg,https://www.carfax.com/VehicleHistory/p/Report.cfx?vin=WBY43HD05SFU47021&partner=FRD_2,39.28775,-84.47093,13
2026-08-24,bmw-i4-xdrive40,Indianapolis,WBY83FB04RFS96501,2024,xDrive40,5581,54803,Serra Honda BMW Champaign,Savoy,IL,2026-08-09,https://www.carfax.com/vehicle/WBY83FB04RFS96501,61600,White,,0,0,Vehicle Use,https://retail.photos.vin/WBY83FB04RFS96501-1.jpg,https://www.carfax.com/VehicleHistory/p/Report.cfx?vin=WBY83FB04RFS96501&partner=FRD_2,40.0746,-88.24896,113
2026-08-24,bmw-i4-xdrive40,National,WBY43HD08SFU66131,2025,xDrive40,4484,54987,mercedes benz of columbia,Columbia,MO,2026-08-09,https://columbiamercedesbenz.com/certified/BMW/2025-BMW-i4-8f133e7dac180aac8449eac682419481.htm,,Black Sapphire Metallic,1,1,0,Personal Use,https://retail.photos.vin/WBY43HD08SFU66131-1.jpg,https://www.carfax.com/VehicleHistory/p/Report.cfx?vin=WBY43HD08SFU66131&partner=FRD_2,38.96622,-92.36728,321
2026-08-24,bmw-i4-xdrive40,National,WBY83FB04RFR99371,2024,xDrive40,59397,30881,Driveline Motorcars,Bradenton,FL,2026-07-17,https://www.autolist.com/bmw-i4#vin=WBY83FB04RFR99371,61600,Black,,1,1,Rental Use,https://retail.photos.vin/WBY83FB04RFR99371-1.jpg,https://www.carfax.com/VehicleHistory/p/Report.cfx?vin=WBY83FB04RFR99371&partner=FRD_2,27.48446,-82.58391,810
2026-08-24,bmw-i4-xdrive40,National,WBY83FB01RFR88134,2024,xDrive40,25399,35500,Stewart Chevrolet,Colma,CA,2026-08-09,https://www.carfax.com/vehicle/WBY83FB01RFR88134,61600,White,,1,1,Rental Use,https://retail.photos.vin/WBY83FB01RFR88134-1.jpg,https://www.carfax.com/VehicleHistory/p/Report.cfx?vin=WBY83FB01RFR88134&partner=FRD_2,37.67394,-122.46303,1860
2026-08-24,bmw-i4-xdrive40,National,WBY83FB05RFR88928,2024,xDrive40,36516,35590,Carvana,Atlanta,GA,2026-08-11,https://www.carvana.com/vehicle/4174060,61600,Gray,,1,0,Corporate Fleet,https://retail.photos.vin/WBY83FB05RFR88928-1.jpg,https://www.carfax.com/VehicleHistory/p/Report.cfx?partner=CVN_0&vin=WBY83FB05RFR88928,0.0,0.0,5924
2026-08-24,bmw-i4-xdrive40,National,WBY83FB06RFR89506,2024,xDrive40,36804,36439,AutoNation USA Denton,Denton,TX,2026-08-09,https://www.carfax.com/vehicle/WBY83FB06RFR89506,61600,Silver/Gray,,2,0,Multiple Use,https://retail.photos.vin/WBY83FB06RFR89506-1.jpg,https://www.carfax.com/VehicleHistory/p/Report.cfx?vin=WBY83FB06RFR89506&partner=FRD_2,33.167,-97.079,758
2026-08-24,bmw-i4-xdrive40,National,WBY83FB00RFT22804,2024,xDrive40,38756,36995,boston foreign motor,Allston,MA,2026-08-11,https://bostonforeignmotor.com/used/BMW/2024-BMW-i4-c9120c07ac183bdce598b2bacc6bf8b1.htm,,PORTIMAO BLUE METALLIC,,1,0,Personal Use,https://retail.photos.vin/WBY83FB00RFT22804-1.jpg,https://www.carfax.com/VehicleHistory/p/Report.cfx?vin=WBY83FB00RFT22804&partner=FRD_2,42.35328,-71.13889,734
2026-08-24,bmw-i4-xdrive40,National,WBY83FB09RFR88687,2024,xDrive40,32951,37025,Prestige Motors Pasco,Pasco,WA,2026-06-30,https://www.autolist.com/bmw-i4#vin=WBY83FB09RFR88687,61600,White,,,,,https://retail.photos.vin/WBY83FB09RFR88687-1.jpg,https://www.carfax.com/VehicleHistory/p/Report.cfx?vin=WBY83FB09RFR88687&partner=FRD_2,46.24078,-119.12479,1582
2026-08-24,bmw-i4-xdrive40,National,WBY83FB06RFR42833,2024,xDrive40,41524,37047,Pacific BMW,Glendale,CA,2026-08-04,https://www.autolist.com/bmw-i4#vin=WBY83FB06RFR42833,61600,,,,,,https://retail.photos.vin/WBY83FB06RFR42833-1.jpg,https://www.carfax.com/VehicleHistory/p/Report.cfx?vin=WBY83FB06RFR42833&partner=FRD_2,34.13715,-118.2549,1741
2026-08-24,bmw-i4-xdrive40,National,WBY43HD08SFT93276,2025,xDrive40,19308,37817,Hollywood Chrysler Jeep,Hollywood,FL,2026-08-09,https://www.carfax.com/vehicle/WBY43HD08SFT93276,62300,Gray,,1,1,Rental Use,https://retail.photos.vin/WBY43HD08SFT93276-1.jpg,https://www.carfax.com/VehicleHistory/p/Report.cfx?vin=WBY43HD08SFT93276&partner=FRD_2,26.02837,-80.20942,937
2026-08-24,bmw-i4-xdrive40,National,WBY83FB01RFR85072,2024,xDrive40,45003,37995,bmw of pleasant grove,Pleasant Grove,UT,2026-08-09,https://bmwofpleasantgrove.com/certified/BMW/2024-BMW-i4-cd9d19fdac184801034af116daba1363.htm,,Alpine White,1,1,1,Personal Use,https://retail.photos.vin/WBY83FB01RFR85072-1.jpg,https://www.carfax.com/VehicleHistory/p/Report.cfx?vin=WBY83FB01RFR85072&partner=FRD_2,40.35214,-111.77017,1257
2026-08-24,bmw-i4-xdrive40,National,WBY83FB06RFR94348,2024,xDrive40,30822,38474,Conicelli Nissan,Conshohocken,PA,2026-07-16,https://www.autolist.com/bmw-i4#vin=WBY83FB06RFR94348,61600,Black,,,,,https://retail.photos.vin/WBY83FB06RFR94348-1.jpg,https://www.carfax.com/VehicleHistory/p/Report.cfx?vin=WBY83FB06RFR94348&partner=FRD_2,40.10241,-75.30758,495
2026-08-24,bmw-i4-xdrive40,National,WBY83FB06RFS58137,2024,xDrive40,33412,38617,BMW of Bridgewater,Bridgewater,NJ,2026-08-09,https://www.bmwofbridgewater.com/viewdetails/cpo/wby83fb06rfs58137/2024-bmw-i4-hatchback?type=finance,61600,Black,,1,0,Personal Use,https://retail.photos.vin/WBY83FB06RFS58137-1.jpg,https://www.carfax.com/VehicleHistory/p/Report.cfx?vin=WBY83FB06RFS58137&partner=FRD_2,40.60264,-74.62419,534
2026-08-24,bmw-i4-xdrive40,National,WBY83FB09RFS02905,2024,xDrive40,38234,39590,Carvana,Memphis,TN,2026-08-11,https://www.carvana.com/vehicle/4643192,61600,White,,1,1,Rental Use,https://retail.photos.vin/WBY83FB09RFS02905-1.jpg,https://www.carfax.com/VehicleHistory/p/Report.cfx?partner=CVN_0&vin=WBY83FB09RFS02905,0.0,0.0,5924
2026-08-24,bmw-i4-xdrive40,National,WBY83FB0XRFS96907,2024,xDrive40,15310,40000,Tim Dahle Nissan - Murray,Salt Lake City,UT,2026-08-09,https://timdahlemurray.com/viewdetails/used/wby83fb0xrfs96907/2024-bmw-i4-hatchback?type=finance,61600,Black,,1,0,Rental Use,https://retail.photos.vin/WBY83FB0XRFS96907-1.jpg,https://www.carfax.com/VehicleHistory/p/Report.cfx?vin=WBY83FB0XRFS96907&partner=FRD_2,40.67294,-111.88914,1259
2026-08-24,bmw-i4-m50,Cincinnati,WBY33AW07RFR61186,2024,M50,30465,35995,Northern Kentucky Auto Sales,Cold Spring,KY,2026-04-24,https://www.autolist.com/bmw-i4#vin=WBY33AW07RFR61186,69700,White,,,,,https://retail.photos.vin/WBY33AW07RFR61186-1.jpg,https://www.carfax.com/VehicleHistory/p/Report.cfx?vin=WBY33AW07RFR61186&partner=FRD_2,39.00749,-84.47172,7
2026-08-24,bmw-i4-m50,Chicago,WBY33AW08NFN17003,2022,M50,20657,40409,BMW of Bloomington,Bloomington,IL,2026-08-22,https://www.autolist.com/bmw-i4#vin=WBY33AW08NFN17003,65900,Gray,,1,1,Personal Use,https://retail.photos.vin/WBY33AW08NFN17003-1.jpg,https://www.carfax.com/VehicleHistory/p/Report.cfx?vin=WBY33AW08NFN17003&partner=FRD_2,40.45737,-88.9743,121
2026-08-24,bmw-i4-m50,Chicago,WBY33AW08PFN41479,2023,M50,41327,40866,Gravity Autos Chicago,Highland Park,IL,2026-08-09,https://www.gravityautoschicago.com/inventory/2023-bmw-i4-m50-WBY33AW08PFN41479,67300,Gray,,1,1,Personal Use,https://retail.photos.vin/WBY33AW08PFN41479-1.jpg,https://www.carfax.com/VehicleHistory/p/Report.cfx?vin=WBY33AW08PFN41479&partner=FRD_2,42.20311,-87.83539,25
2026-08-24,bmw-i4-m50,Chicago,WBY33AW0XPFP04827,2023,M50,24789,42741,Old Orchard Nissan,Skokie,IL,2026-05-23,https://www.autolist.com/bmw-i4#vin=WBY33AW0XPFP04827,67300,Red,,,,,https://retail.photos.vin/WBY33AW0XPFP04827-1.jpg,https://www.carfax.com/VehicleHistory/p/Report.cfx?vin=WBY33AW0XPFP04827&partner=FRD_2,42.03499,-87.75654,12
2026-08-24,bmw-i4-m50,Cincinnati,WBY33AW07PFR39685,2023,M50,50206,43298,Twins Auto of Dublin,Dublin,OH,2026-08-09,https://www.twinsautoofdublin.com/used-Dublin-2023-BMW-i4-M50-WBY33AW07PFR39685,67300,Black,,1,0,Personal Use,https://retail.photos.vin/WBY33AW07PFR39685-1.jpg,https://www.carfax.com/VehicleHistory/p/Report.cfx?vin=WBY33AW07PFR39685&partner=FRD_2,40.09963,-83.12528,101
2026-08-24,bmw-i4-m50,Chicago,WBY33AW08PFP96178,2023,M50,23387,43366,Gravity Autos Chicago,Highland Park,IL,2026-08-09,https://www.gravityautoschicago.com/inventory/2023-bmw-i4-m50-WBY33AW08PFP96178,67300,Gray,,1,1,Personal Use,https://retail.photos.vin/WBY33AW08PFP96178-1.jpg,https://www.carfax.com/VehicleHistory/p/Report.cfx?vin=WBY33AW08PFP96178&partner=FRD_2,42.20311,-87.83539,25
2026-08-24,bmw-i4-m50,Chicago,WBY33AW00PFP26674,2023,M50,23222,44519,Huntley Ford,Huntley,IL,2026-06-10,https://www.autolist.com/bmw-i4#vin=WBY33AW00PFP26674,67300,Black,1,,,,https://retail.photos.vin/WBY33AW00PFP26674-1.jpg,https://www.carfax.com/VehicleHistory/p/Report.cfx?vin=WBY33AW00PFP26674&partner=FRD_2,42.1267,-88.4302,45
2026-08-24,bmw-i4-m50,Chicago,WBY33AW01PFN79734,2023,M50,8786,44739,Huntley Ford,Huntley,IL,2026-07-03,https://www.autolist.com/bmw-i4#vin=WBY33AW01PFN79734,67300,Gray,,,,,https://retail.photos.vin/WBY33AW01PFN79734-1.jpg,https://www.carfax.com/VehicleHistory/p/Report.cfx?vin=WBY33AW01PFN79734&partner=FRD_2,42.1267,-88.4302,45
2026-08-24,bmw-i4-m50,Chicago,WBY33AW03PFP89901,2023,M50,18306,44980,Ultimo Motors,Westmont,IL,2026-08-03,https://www.autolist.com/bmw-i4#vin=WBY33AW03PFP89901,67300,Brown,,1,0,Personal Use,https://retail.photos.vin/WBY33AW03PFP89901-1.jpg,https://www.carfax.com/VehicleHistory/p/Report.cfx?vin=WBY33AW03PFP89901&partner=FRD_2,42.10139,-87.82596,18
2026-08-24,bmw-i4-m50,Chicago,WBY33AW09PFP87487,2023,M50,23944,45741,Old Orchard Nissan,Skokie,IL,2026-07-23,https://www.autolist.com/bmw-i4#vin=WBY33AW09PFP87487,67300,Brown,,,,,https://retail.photos.vin/WBY33AW09PFP87487-1.jpg,https://www.carfax.com/VehicleHistory/p/Report.cfx?vin=WBY33AW09PFP87487&partner=FRD_2,42.03499,-87.75654,12
2026-08-24,bmw-i4-m50,Chicago,WBY33AW07PFP47909,2023,M50,12081,45852,Old Orchard Nissan,Skokie,IL,2026-06-05,https://www.autolist.com/bmw-i4#vin=WBY33AW07PFP47909,67300,Red,,,,,https://retail.photos.vin/WBY33AW07PFP47909-1.jpg,https://www.carfax.com/VehicleHistory/p/Report.cfx?vin=WBY33AW07PFP47909&partner=FRD_2,42.03499,-87.75654,12
2026-08-24,bmw-i4-m50,National,WBY33AW05PFR23596,2023,M50,10933,45897,North Coast Mitsubishi Akron,Akron,OH,2026-08-09,https://www.carfax.com/vehicle/WBY33AW05PFR23596,67300,Gray,,1,1,Personal Use,https://retail.photos.vin/WBY33AW05PFR23596-1.jpg,https://www.carfax.com/VehicleHistory/p/Report.cfx?vin=WBY33AW05PFR23596&partner=FRD_2,41.11375,-81.46521,213
2026-08-24,bmw-i4-m50,Chicago,WBY33AW08PFP86489,2023,M50,10465,46000,motor werks cadillac,Barrington,IL,2026-08-09,https://motorwerkscadillac.com/used/BMW/2023-BMW-i4-f0f3b9b6ac185184d8a067b1f9bf668f.htm,,Gray,,1,0,Corporate Use,https://retail.photos.vin/WBY33AW08PFP86489-1.jpg,https://www.carfax.com/VehicleHistory/p/Report.cfx?vin=WBY33AW08PFP86489&partner=FRD_2,42.1291,-88.13192,31
2026-08-24,bmw-i4-m50,Chicago,WBY33AW09PFN75303,2023,M50,17440,46298,Maserati of Naperville,Naperville,IL,2026-08-09,https://www.carfax.com/vehicle/WBY33AW09PFN75303,67300,Gray,,1,0,Personal Use,https://retail.photos.vin/WBY33AW09PFN75303-1.jpg,https://www.carfax.com/VehicleHistory/p/Report.cfx?vin=WBY33AW09PFN75303&partner=FRD_2,41.77278,-88.18539,30
2026-08-24,bmw-i4-m50,National,WBY33AW05RFS76474,2024,M50,25744,46799,BMW of Chattanooga,Chattanooga,TN,2026-08-21,https://bmwofchattanooga.com/used/BMW/2024-BMW-i4-Chattanooga-TN-21bd9e3aac1827bd9540ac67d45a6143.htm,69700,White,,1,0,Personal Use,https://retail.photos.vin/WBY33AW05RFS76474-1.jpg,https://www.carfax.com/VehicleHistory/p/Report.cfx?vin=WBY33AW05RFS76474&partner=FRD_2,35.01533,-85.18256,285
2026-08-24,bmw-i4-m50,Chicago,WBY33AW02PFP38812,2023,M50,10198,47998,Maserati of Naperville,Naperville,IL,2026-08-09,https://www.carfax.com/vehicle/WBY33AW02PFP38812,67300,Gray,,1,0,Personal Use,https://retail.photos.vin/WBY33AW02PFP38812-1.jpg,https://www.carfax.com/VehicleHistory/p/Report.cfx?vin=WBY33AW02PFP38812&partner=FRD_2,41.77278,-88.18539,30
2026-08-24,bmw-i4-m50,Chicago,WBY33AW06RFS00939,2024,M50,29007,49900,Perillo BMW,Chicago,IL,2026-08-02,https://www.autolist.com/bmw-i4#vin=WBY33AW06RFS00939,69700,Blue,1,,,,https://retail.photos.vin/WBY33AW06RFS00939-1.jpg,https://www.carfax.com/VehicleHistory/p/Report.cfx?vin=WBY33AW06RFS00939&partner=FRD_2,41.905,-87.63449,1
2026-08-24,bmw-i4-m50,Chicago,WBY33AW04PFR01024,2023,M50,14744,50228,BMW of Ann Arbor,Ann Arbor,MI,2026-08-15,https://www.carfax.com/vehicle/WBY33AW04PFR01024,67300,Gray,,2,0,Personal Use,https://retail.photos.vin/WBY33AW04PFR01024-1.jpg,https://www.carfax.com/VehicleHistory/p/Report.cfx?vin=WBY33AW04PFR01024&partner=FRD_2,42.28665,-83.8202,197
2026-08-24,bmw-i4-m50,Chicago,WBY33AW02RFR86867,2024,M50,23642,50529,BMW of Ann Arbor,Ann Arbor,MI,2026-08-22,https://www.carfax.com/vehicle/WBY33AW02RFR86867,69700,Gray,,1,0,Personal Use,https://retail.photos.vin/WBY33AW02RFR86867-1.jpg,https://www.carfax.com/VehicleHistory/p/Report.cfx?vin=WBY33AW02RFR86867&partner=FRD_2,42.28665,-83.8202,197
2026-08-24,bmw-i4-m50,Chicago,WBY33HD01SFT96001,2025,M50,24953,53362,Napleton Autowerks River Oaks,Calumet City,IL,2026-08-15,https://www.autolist.com/bmw-i4#vin=WBY33HD01SFT96001,70700,White,,,,,https://retail.photos.vin/WBY33HD01SFT96001-1.jpg,https://www.carfax.com/VehicleHistory/p/Report.cfx?vin=WBY33HD01SFT96001&partner=FRD_2,41.60035,-87.567,20
2026-08-24,bmw-i4-m50,National,WBY33AW04PFN40135,2023,M50,99817,31776,nextgear motors,Raleigh,NC,2026-08-09,https://nextgearmotors.com/used/BMW/2023-BMW-i4-2a372344ac185cc92880da077a5a2b24.htm,,Alpine White,,1,0,Personal Use,https://retail.photos.vin/WBY33AW04PFN40135-1.jpg,https://www.carfax.com/VehicleHistory/p/Report.cfx?vin=WBY33AW04PFN40135&partner=FRD_2,35.81383,-78.60953,395
2026-08-24,bmw-i4-m50,National,WBY33AW08PFP65562,2023,M50,97062,32985,Evolving Motors,Orange,CA,2026-08-09,https://www.carfax.com/vehicle/WBY33AW08PFP65562,67300,Blue,,1,1,Commercial Use,https://retail.photos.vin/WBY33AW08PFP65562-1.jpg,https://www.carfax.com/VehicleHistory/p/Report.cfx?vin=WBY33AW08PFP65562&partner=FRD_2,33.80955,-117.86438,1731
2026-08-24,bmw-i4-m50,National,WBY33AW07NFM17586,2022,M50,60782,33195,Florida Fine Car - Miami,Miami,FL,2026-08-13,https://www.carfax.com/vehicle/WBY33AW07NFM17586,65900,Green,,1,1,Corporate Use,https://retail.photos.vin/WBY33AW07NFM17586-1.jpg,https://www.carfax.com/VehicleHistory/p/Report.cfx?vin=WBY33AW07NFM17586&partner=FRD_2,25.97021,-80.20454,941
2026-08-24,bmw-i4-m50,National,WBY33AW04NFN23753,2022,M50,9998,34794,Automotive Avenues,Wall Township,NJ,2026-08-09,https://www.carfax.com/vehicle/WBY33AW04NFN23753,65900,Blue,,1,1,Personal Use,https://retail.photos.vin/WBY33AW04NFN23753-1.jpg,https://www.carfax.com/VehicleHistory/p/Report.cfx?vin=WBY33AW04NFN23753&partner=FRD_2,40.21964,-74.1305,557
2026-08-24,bmw-i4-m50,National,WBY33AW0XNFM49710,2022,M50,48123,35125,southtowne mitsubishi,Sandy,UT,2026-08-12,https://utahmitsubishi.com/used/BMW/2022-BMW-i4-f35d2528ac18003fe20877a2787cdaae.htm,,Brooklyn Gray Metallic,,2,1,Personal Use,https://retail.photos.vin/WBY33AW0XNFM49710-1.jpg,https://www.carfax.com/VehicleHistory/p/Report.cfx?vin=WBY33AW0XNFM49710&partner=FRD_2,40.55468,-111.89337,1261
2026-08-24,bmw-i4-m50,National,WBY33AW07PFN43448,2023,M50,73940,35500,J Star Chrysler Dodge Jeep Ram,Anaheim,CA,2026-08-09,https://www.carfax.com/vehicle/WBY33AW07PFN43448,67300,Green,,1,0,Personal Use,https://retail.photos.vin/WBY33AW07PFN43448-1.jpg,https://www.carfax.com/VehicleHistory/p/Report.cfx?vin=WBY33AW07PFN43448&partner=FRD_2,33.87315,-117.74844,1723
2026-08-24,bmw-i4-m50,National,WBY33AW0XPFP04746,2023,M50,77086,35690,Autos of Dallas Irving,Irving,TX,2026-08-09,https://www.carfax.com/vehicle/WBY33AW0XPFP04746,67300,White,,1,0,Corporate Use,https://retail.photos.vin/WBY33AW0XPFP04746-1.jpg,https://www.carfax.com/VehicleHistory/p/Report.cfx?vin=WBY33AW0XPFP04746&partner=FRD_2,32.83811,-96.95799,768
2026-08-24,bmw-i4-m50,National,WBY33AW08PFP10013,2023,M50,43808,37625,Auto Merchants Inc.,Plano,TX,2026-06-24,https://www.autolist.com/bmw-i4#vin=WBY33AW08PFP10013,67300,Gray,,,,,https://retail.photos.vin/WBY33AW08PFP10013-1.jpg,https://www.carfax.com/VehicleHistory/p/Report.cfx?vin=WBY33AW08PFP10013&partner=FRD_2,33.00983,-96.76955,752
2026-08-24,bmw-i4-m50,National,WBY33AW08PFN81710,2023,M50,54802,38490,Maserati of Bergen County,Upper Saddle River,NJ,2026-08-09,https://www.carfax.com/vehicle/WBY33AW08PFN81710,67300,Gray,,1,1,Personal Use,https://retail.photos.vin/WBY33AW08PFN81710-1.jpg,https://www.carfax.com/VehicleHistory/p/Report.cfx?vin=WBY33AW08PFN81710&partner=FRD_2,41.04678,-74.11728,565
2026-08-24,bmw-i4-m50,National,WBY33AW08PFP09539,2023,M50,46842,38745,Helfman CDJR Alfa Romeo Fiat Maserati,Houston,TX,2026-08-21,https://www.carfax.com/vehicle/WBY33AW08PFP09539,67300,White,,2,1,Multiple Use,https://retail.photos.vin/WBY33AW08PFP09539-1.jpg,https://www.carfax.com/VehicleHistory/p/Report.cfx?vin=WBY33AW08PFP09539&partner=FRD_2,29.78569,-95.46942,868
2026-08-24,bmw-i4-m50,National,WBY33AW04PFR32354,2023,M50,35820,38951,Cardinale Nissan,Seaside,CA,2026-08-09,https://www.carfax.com/vehicle/WBY33AW04PFR32354,67300,White,,1,0,Personal Use,https://retail.photos.vin/WBY33AW04PFR32354-1.jpg,https://www.carfax.com/VehicleHistory/p/Report.cfx?vin=WBY33AW04PFR32354&partner=FRD_2,36.61087,-121.8502,1855
2026-08-24,bmw-i4-m50,National,WBY33AW04PFP54493,2023,M50,39988,40341,Crystal Auto Group,Houston,TX,2026-08-04,https://www.autolist.com/bmw-i4#vin=WBY33AW04PFP54493,67300,Orange,,,,,https://retail.photos.vin/WBY33AW04PFP54493-1.jpg,https://www.carfax.com/VehicleHistory/p/Report.cfx?vin=WBY33AW04PFP54493&partner=FRD_2,29.73509,-95.52164,872
2026-08-24,bmw-i4-m50,National,WBY33AW05PFN81549,2023,M50,40219,40500,Hudson Nissan of Summerville,Summerville,SC,2026-07-07,https://www.autolist.com/bmw-i4#vin=WBY33AW05PFN81549,67300,Gray,,,,,https://retail.photos.vin/WBY33AW05PFN81549-1.jpg,https://www.carfax.com/VehicleHistory/p/Report.cfx?vin=WBY33AW05PFN81549&partner=FRD_2,33.07504,-80.19136,481
2026-08-24,bmw-i4-m50,National,WBY33AW00PFP00303,2023,M50,29539,40698,Braman BMW West Palm Beach,West Palm Beach,FL,2026-08-09,https://www.carfax.com/vehicle/WBY33AW00PFP00303,67300,Alpine White,1,1,0,Lease,https://retail.photos.vin/WBY33AW00PFP00303-1.jpg,https://www.carfax.com/VehicleHistory/p/Report.cfx?vin=WBY33AW00PFP00303&partner=FRD_2,26.7073,-80.09837,894
2026-08-24,bmw-i4-m50,National,WBY33AW06PFP00371,2023,M50,46091,40698,Stevens Creek Mazda,San Jose,CA,2026-07-02,https://www.autolist.com/bmw-i4#vin=WBY33AW06PFP00371,67300,Gray,,,,,https://retail.photos.vin/WBY33AW06PFP00371-1.jpg,https://www.carfax.com/VehicleHistory/p/Report.cfx?vin=WBY33AW06PFP00371&partner=FRD_2,37.3063,-122.00042,1845
2026-08-24,bmw-i4-m50,National,WBY33AW03PFP49947,2023,M50,1483,40898,	 Drive A Dream,Marietta,GA,2026-08-16,https://www.autolist.com/bmw-i4#vin=WBY33AW03PFP49947,67300,Brown,,,,,https://retail.photos.vin/WBY33AW03PFP49947-1.jpg,https://www.carfax.com/VehicleHistory/p/Report.cfx?vin=WBY33AW03PFP49947&partner=FRD_2,33.98041,-84.55517,354
2026-08-24,bmw-i4-m50,National,WBY33AW03PFN68119,2023,M50,45086,40990,Land Rover Cerritos,Cerritos,CA,2026-08-17,https://www.autolist.com/bmw-i4#vin=WBY33AW03PFN68119,67300,Gray,,1,0,Personal Use,https://retail.photos.vin/WBY33AW03PFN68119-1.jpg,https://www.carfax.com/VehicleHistory/p/Report.cfx?vin=WBY33AW03PFN68119&partner=FRD_2,33.86606,-118.10274,1742
